;Id;N_victimas;Año;Mes;Dia;Hora;Calle;Altura;Cruce;Dirección;Comuna;Latitud;Longitud;Victima;Acusado
0;2016-0001;1.0;2016.0;1.0;1.0;4.0;PIEDRA BUENA AV.;;FERNANDEZ DE LA CRUZ, F., GRAL. AV.;PIEDRA BUENA AV. y FERNANDEZ DE LA CRUZ, F., GRAL. AV.;8.0;-58.47533969;-34.68757022;MOTO;AUTO
1;2016-0002;1.0;2016.0;1.0;2.0;1.0;PAZ, GRAL. AV.;;DE LOS CORRALES AV.;PAZ, GRAL. AV. y DE LOS CORRALES AV.;9.0;-58.50877521;-34.66977709;AUTO;PASAJEROS
2;2016-0003;1.0;2016.0;1.0;3.0;7.0;ENTRE RIOS AV.;2034.0;SD;ENTRE RIOS AV. 2034;1.0;-58.39040293;-34.63189362;MOTO;AUTO
3;2016-0004;1.0;2016.0;1.0;10.0;0.0;LARRAZABAL AV.;;VILLEGAS, CONRADO, GRAL.;LARRAZABAL AV. y VILLEGAS, CONRADO, GRAL.;8.0;-58.46503904;-34.68092974;MOTO;SD
4;2016-0005;1.0;2016.0;1.0;21.0;5.0;SAN JUAN AV.;;SAENZ PE?A, LUIS, PRES.;SAN JUAN AV. y SAENZ PEÃ‘A, LUIS, PRES.;1.0;-58.38718297;-34.6224663;MOTO;PASAJEROS
5;2016-0008;1.0;2016.0;1.0;24.0;18.0;27 DE FEBRERO AV.;;ESCALADA AV.;27 DE FEBRERO AV. y ESCALADA AV.;8.0;-58.44451316;-34.68475866;MOTO;OBJETO FIJO
6;2016-0009;1.0;2016.0;1.0;24.0;19.0;NOGOYA;;GONZALEZ, JOAQUIN V.;NOGOYA y GONZALEZ, JOAQUIN V.;11.0;-58.50095869;-34.6082544;MOTO;AUTO
7;2016-0010;1.0;2016.0;1.0;29.0;15.0;PAZ, GRAL. AV.;;DE LOS CORRALES AV.;PAZ, GRAL. AV. y DE LOS CORRALES AV.;9.0;-58.50877521;-34.66977709;MOTO;AUTO
8;2016-0012;1.0;2016.0;2.0;8.0;1.0;BELGRANO AV.;;IRIGOYEN, BERNARDO DE;BELGRANO AV. e IRIGOYEN, BERNARDO DE;1.0;-58.38048577;-34.61303893;MOTO;CARGAS
9;2016-0013;1.0;2016.0;2.0;10.0;11.0;ENTRE RIOS AV.;1366.0;SD;ENTRE RIOS AV. 1366;1.0;-58.39114932;-34.62477387;PEATON;AUTO
10;2016-0015;1.0;2016.0;2.0;14.0;5.0;SCALABRINI ORTIZ, RAUL AV.;;VERA;SCALABRINI ORTIZ, RAUL AV. y VERA;15.0;-58.4376002;-34.59912758;PEATON;AUTO
11;2016-0016;1.0;2016.0;2.0;14.0;22.0;REGIMIENTO DE PATRICIOS AV.;;QUINQUELA MARTIN, BENITO;REGIMIENTO DE PATRICIOS AV. y QUINQUELA MARTIN, BENITO;4.0;-58.36882665;-34.64291993;MOTO;AUTO
12;2016-0017;1.0;2016.0;2.0;15.0;16.0;ACOSTA, MARIANO;;JANER, ANA MARIA;ACOSTA, MARIANO y JANER, ANA MARIA;8.0;-58.44989671;-34.65970435;PEATON;MOTO
13;2016-0019;1.0;2016.0;2.0;17.0;9.0;DE LA TORRE, LISANDRO;;GARCIA GRANDE DE ZEQUEIRA, SEVERO;DE LA TORRE, LISANDRO y GARCIA GRANDE DE ZEQUEIRA, SEVERO;9.0;-58.50990884;-34.65468721;PEATON;PASAJEROS
14;2016-0020;1.0;2016.0;2.0;17.0;16.0;SUIPACHA;156.0;SD;SUIPACHA 156;1.0;-58.37952223;-34.60653282;PEATON;AUTO
15;2016-0021;1.0;2016.0;2.0;17.0;23.0;DIRECTORIO AV.;;CURAPALIGUE;DIRECTORIO AV. y CURAPALIGUE;7.0;-58.45157703;-34.63063795;AUTO;AUTO
16;2016-0022;1.0;2016.0;2.0;21.0;6.0;9 DE JULIO AV.;;ALSINA, ADOLFO;9 DE JULIO AV. y ALSINA, ADOLFO;1.0;-58.38144696;-34.61079875;MOTO;AUTO
17;2016-0025;1.0;2016.0;2.0;28.0;4.0;PAZ, GRAL. AV.;;27 DE FEBRERO AV.;PAZ, GRAL. AV. y 27 DE FEBRERO AV.;8.0;-58.46244952;-34.70524971;AUTO;AUTO
18;2016-0026;1.0;2016.0;2.0;28.0;7.0;HOLMBERG;;VEDIA;HOLMBERG y VEDIA;12.0;-58.49216191;-34.54738649;AUTO;OBJETO FIJO
19;2016-0027;1.0;2016.0;2.0;28.0;9.0;CURAPALIGUE AV.;;DIAZ, AVELINO;CURAPALIGUE AV. y DIAZ, AVELINO;7.0;-58.44497874;-34.63852623;AUTO;AUTO
20;2016-0028;1.0;2016.0;3.0;2.0;10.0;VIAMONTE;;9 DE JULIO AV.;VIAMONTE y 9 DE JULIO AV.;1.0;-58.38199706;-34.60028648;PEATON;CARGAS
21;2016-0029;1.0;2016.0;3.0;4.0;17.0;CABILDO AV.;;DEHEZA;CABILDO AV. y DEHEZA;12.0;-58.47378664;-34.54153077;PEATON;PASAJEROS
22;2016-0031;1.0;2016.0;3.0;8.0;12.0;PAZ, GRAL. AV.;;ROCA, CNEL. AV.;PAZ, GRAL. AV. y ROCA, CNEL. AV.;8.0;-58.47064556;-34.69843756;MOTO;PASAJEROS
23;2016-0034;1.0;2016.0;3.0;12.0;12.0;ALCORTA, AMANCIO AV.;;BONAVENA, OSCAR NATALIO;ALCORTA, AMANCIO AV. y BONAVENA, OSCAR NATALIO;4.0;-58.40623949;-34.65076549;PEATON;PASAJEROS
24;2016-0035;1.0;2016.0;3.0;13.0;6.0;CORRIENTES AV.;;CALLAO AV.;CORRIENTES AV. y CALLAO AV.;3.0;-58.39228965;-34.60443527;MOTO;PASAJEROS
25;2016-0036;1.0;2016.0;3.0;14.0;0.0;HERRERA;;VALLE, ARISTOBULO DEL;HERRERA y VALLE, ARISTOBULO DEL;4.0;-58.37813396;-34.63668504;MOTO;PASAJEROS
26;2016-0037;1.0;2016.0;3.0;19.0;11.0;LAFUENTE AV.;;QUIRNO;LAFUENTE AV. y QUIRNO;7.0;-58.46275892;-34.64358293;MOTO;MOTO
27;2016-0038;1.0;2016.0;3.0;21.0;8.0;PAZ, GRAL. AV.;;ZUVIRIA;PAZ, GRAL. AV. y ZUVIRIA;8.0;-58.49683458;-34.67892743;PEATON;PASAJEROS
28;2016-0039;1.0;2016.0;3.0;23.0;1.0;MITRE, BARTOLOME;;PUEYRREDON AV.;MITRE, BARTOLOME y PUEYRREDON AV.;3.0;-58.40603217;-34.6088396;MOTO;PASAJEROS
29;2016-0041;2.0;2016.0;3.0;29.0;11.0;DIRECTORIO AV.;;RIVERA INDARTE AV.;DIRECTORIO AV. y RIVERA INDARTE AV.;7.0;-58.4607655;-34.63350444;MOTO;CARGAS
30;2016-0043;1.0;2016.0;3.0;30.0;18.0;DELLEPIANE, LUIS, TTE. GRAL.;;MURGUIONDO;DELLEPIANE, LUIS, TTE. GRAL. y MURGUIONDO;8.0;-58.47832463;-34.67494416;PEATON;CARGAS
31;2016-0044;1.0;2016.0;3.0;31.0;19.0;MORENO, JOSE MARIA AV.;;BALBASTRO;MORENO, JOSE MARIA AV. y BALBASTRO;7.0;-58.43213235;-34.63693953;MOTO;MULTIPLE
32;2016-0045;1.0;2016.0;4.0;11.0;10.0;PAZ, GRAL. AV.;;DEL LIBERTADOR AV.;PAZ, GRAL. AV. y DEL LIBERTADOR AV.;13.0;-58.46743471;-34.53476874;MOTO;SD
33;2016-0047;1.0;2016.0;4.0;15.0;5.0;LIMA;1483.0;SD;LIMA 1483;1.0;-58.38247061;-34.62571878;PEATON;PASAJEROS
34;2016-0048;1.0;2016.0;4.0;15.0;17.0;CORRIENTES AV.;;DORREGO AV.;CORRIENTES AV. y DORREGO AV.;15.0;-58.44759966;-34.5917024;PEATON;PASAJEROS
35;2016-0049;1.0;2016.0;4.0;17.0;0.0;AUTOPISTA 1 SUR PRESIDENTE ARTURO FRONDIZI;;SD;AUTOPISTA 1 SUR PRESIDENTE ARTURO FRONDIZI;4.0;-58.37714647568196;-34.63657525428238;SD;SD
36;2016-0050;1.0;2016.0;4.0;19.0;9.0;GORDILLO, TIMOTEO;;FERNANDEZ DE LA CRUZ, F., GRAL. AV.;GORDILLO, TIMOTEO y FERNANDEZ DE LA CRUZ, F., GRAL. AV.;8.0;-58.47305463;-34.68550712;PEATON;PASAJEROS
37;2016-0051;1.0;2016.0;4.0;20.0;4.0;ALCORTA, AMANCIO AV.;;BONAVENA, OSCAR NATALIO;ALCORTA, AMANCIO AV. y BONAVENA, OSCAR NATALIO;4.0;-58.40623949;-34.65076549;MOTO;CARGAS
39;2016-0053;1.0;2016.0;4.0;22.0;9.0;TRIUNVIRATO AV.;;OLAZABAL AV.;TRIUNVIRATO AV. y OLAZABAL AV.;12.0;-58.4842918;-34.57558053;PEATON;PASAJEROS
40;2016-0054;1.0;2016.0;4.0;23.0;21.0;AUTOPISTA DELLEPIANE LUIS TTE. GRAL.;;PAZ, GRAL. AV.;AUTOPISTA DELLEPIANE LUIS TTE. GRAL. y PAZ, GRAL. AV.;8.0;-58.48695354;-34.68795245;MOTO;MOTO
41;2016-0055;1.0;2016.0;4.0;25.0;20.0;CASTILLA, RAMON, MARISCAL;;FIGUEROA ALCORTA, PRES. AV.;CASTILLA, RAMON, MARISCAL y FIGUEROA ALCORTA, PRES. AV.;14.0;-58.40021959;-34.57964781;PEATON;CARGAS
42;2016-0056;1.0;2016.0;4.0;26.0;4.0;CAMPOS, LUIS M. AV.;30.0;SD;CAMPOS, LUIS M. AV. 30;14.0;-58.42957885;-34.57660058;MOTO;OBJETO FIJO
43;2016-0058;1.0;2016.0;5.0;4.0;14.0;LIMA;1471.0;SD;LIMA 1471;1.0;-58.38247542;-34.62556293;PEATON;MOTO
44;2016-0059;1.0;2016.0;5.0;8.0;16.0;CIUDADELA;;LIMA;CIUDADELA y LIMA;1.0;-58.38222219;-34.62728101;PEATON;PASAJEROS
45;2016-0064;1.0;2016.0;5.0;14.0;18.0;JUSTO, JUAN B. AV.;;CARRASCO AV.;JUSTO, JUAN B. AV. y CARRASCO AV.;10.0;-58.49485242;-34.62953445;PEATON;PASAJEROS
46;2016-0065;1.0;2016.0;5.0;20.0;14.0;GAONA AV.;;ESPINOSA;GAONA AV. y ESPINOSA;6.0;-58.45227946;-34.61068024;PEATON;AUTO
47;2016-0067;1.0;2016.0;5.0;21.0;17.0;DE LA TORRE, LISANDRO;;SARAZA;DE LA TORRE, LISANDRO y SARAZA;8.0;-58.48455411;-34.6751276;MOTO;PASAJEROS
48;2016-0068;1.0;2016.0;5.0;22.0;22.0;FIGUEROA ALCORTA, PRES. AV.;;PUEYRREDON AV.;FIGUEROA ALCORTA, PRES. AV. y PUEYRREDON AV.;2.0;-58.39056593;-34.58418569;MOTO;PASAJEROS
49;2016-0069;1.0;2016.0;5.0;23.0;3.0;ENTRE RIOS AV.;;FILIBERTO;ENTRE RIOS AV. y FILIBERTO;3.0;-58.39118948;-34.62704273;AUTO;CARGAS
50;2016-0073;1.0;2016.0;6.0;11.0;15.0;MAGARI?OS CERVANTES, A.;3900.0;SD;MAGARIÃ‘OS CERVANTES, A. 3900;10.0;-58.49021952;-34.62025108;MOTO;CARGAS
51;2016-0074;1.0;2016.0;6.0;12.0;6.0;PAZ, GRAL. AV.;;SCAPINO, RODOLFO;PAZ, GRAL. AV. y SCAPINO, RODOLFO;8.0;-58.49896559;-34.67732118;AUTO;AUTO
52;2016-0075;1.0;2016.0;6.0;12.0;23.0;AUTOPISTA DELLEPIANE LUIS TTE. GRAL.;;MIRALLA;AUTOPISTA DELLEPIANE LUIS TTE. GRAL. y MIRALLA;8.0;-58.47461076;-34.66874679;PEATON;AUTO
53;2016-0076;1.0;2016.0;6.0;13.0;16.0;SAN MARTIN AV.;;CAMARONES;SAN MARTIN AV. y CAMARONES;15.0;-58.46210891;-34.60356211;PEATON;PASAJEROS
54;2016-0077;1.0;2016.0;6.0;13.0;21.0;PERON, JUAN DOMINGO, TTE. GENERAL;;ALEM, LEANDRO N. AV.;PERON, JUAN DOMINGO, TTE. GENERAL y ALEM, LEANDRO N. AV.;1.0;-58.3702777;-34.60536123;PEATON;PASAJEROS
55;2016-0078;1.0;2016.0;6.0;13.0;23.0;BELGRANO AV.;;JUJUY AV.;BELGRANO AV. y JUJUY AV.;3.0;-58.40491455;-34.6146383;MOTO;MOTO
56;2016-0079;1.0;2016.0;6.0;16.0;17.0;DEL LIBERTADOR AV.;;UDAONDO, GUILLERMO AV.;DEL LIBERTADOR AV. y UDAONDO, GUILLERMO AV.;13.0;-58.45504154;-34.54864492;AUTO;AUTO
57;2016-0080;1.0;2016.0;6.0;18.0;6.0;PAZ, GRAL. AV.;;RIVADAVIA AV.;PAZ, GRAL. AV. y RIVADAVIA AV.;9.0;-58.52927982;-34.63931752;AUTO;SD
58;2016-0081;1.0;2016.0;6.0;22.0;7.0;LARRALDE, CRISOLOGO AV.;;MACHAIN;LARRALDE, CRISOLOGO AV. y MACHAIN;12.0;-58.4872106;-34.55904606;MOTO;AUTO
59;2016-0082;1.0;2016.0;6.0;27.0;18.0;LA PLATA AV.;2384.0;SD;LA PLATA AV. 2384;4.0;-58.42273092;-34.64228803;PEATON;AUTO
60;2016-0083;1.0;2016.0;6.0;28.0;20.0;ALBERDI, JUAN BAUTISTA AV.;;PUAN;ALBERDI, JUAN BAUTISTA AV. y PUAN;6.0;-58.44788671;-34.62539009;PEATON;MOTO
61;2016-0084;1.0;2016.0;6.0;29.0;22.0;PELLEGRINI, CARLOS;;TUCUMAN;PELLEGRINI, CARLOS y TUCUMAN;1.0;-58.38110563;-34.60135531;PEATON;PASAJEROS
62;2016-0085;1.0;2016.0;6.0;29.0;22.0;RABANAL, FRANCISCO, INTENDENTE AV.;;EREZCANO;RABANAL, FRANCISCO, INTENDENTE AV. y EREZCANO;4.0;-58.42378834;-34.657341;MOTO;OTRO
63;2016-0086;1.0;2016.0;6.0;30.0;16.0;OLIVERA AV.;;FALCON, RAMON L.,CNEL.;OLIVERA AV. y FALCON, RAMON L.,CNEL.;10.0;-58.48727942;-34.63652467;PEATON;PASAJEROS
64;2016-0087;1.0;2016.0;7.0;3.0;0.0;AUTOPISTA 1 SUR PRESIDENTE ARTURO FRONDIZI;;SD;AUTOPISTA 1 SUR PRESIDENTE ARTURO FRONDIZI y CASEROS AV.;1.0;-58.37864583;-34.62907067;MOTO;OBJETO FIJO
65;2016-0088;1.0;2016.0;7.0;11.0;15.0;CERETTI;;NU?EZ;CERETTI y NUÃ‘EZ;12.0;-58.5015175;-34.56767549;PEATON;AUTO
66;2016-0089;1.0;2016.0;7.0;14.0;6.0;LUGONES, LEOPOLDO AV.;;LA PAMPA;LUGONES, LEOPOLDO AV. y LA PAMPA;13.0;-58.43233425;-34.55185825;PEATON;AUTO
67;2016-0090;1.0;2016.0;7.0;14.0;22.0;SALGUERO, JERONIMO;;RIVADAVIA AV.;SALGUERO, JERONIMO y RIVADAVIA AV.;5.0;-58.41971993;-34.6111224;PEATON;PASAJEROS
68;2016-0092;1.0;2016.0;7.0;15.0;11.0;PAZ, GRAL. AV.;;DEL LIBERTADOR AV.;PAZ, GRAL. AV. y DEL LIBERTADOR AV.;13.0;-58.46743471;-34.53476874;MOTO;CARGAS
69;2016-0093;1.0;2016.0;7.0;17.0;3.0;ALBERDI, JUAN BAUTISTA AV.;;MITRE, EMILIO;ALBERDI, JUAN BAUTISTA AV. y MITRE, EMILIO;6.0;-58.44362126;-34.62301748;AUTO;AUTO
70;2016-0095;1.0;2016.0;7.0;23.0;6.0;MERCEDES;;MOSCONI GENERAL AV.;MERCEDES y MOSCONI GENERAL AV.;11.0;-58.51713095;-34.59546519;MOTO;AUTO
71;2016-0096;1.0;2016.0;7.0;25.0;7.0;AUTOPISTA DELLEPIANE LUIS TTE. GRAL.;;SD;AUTOPISTA DELLEPIANE LUIS TTE. GRAL.;8.0;-58.47433193007387;-34.66684950051973;MOTO;CARGAS
72;2016-0097;1.0;2016.0;7.0;26.0;18.0;SOLIS;;MEXICO;SOLIS y MEXICO;1.0;-58.39038605;-34.6156281;PEATON;AUTO
73;2016-0098;1.0;2016.0;7.0;27.0;16.0;SAN JUAN AV.;;ALBERTI;SAN JUAN AV. y ALBERTI;3.0;-58.40042405;-34.62356174;MOTO;CARGAS
74;2016-0099;1.0;2016.0;7.0;29.0;16.0;MOSCONI GENERAL AV.;;PAZ, GRAL. AV.;MOSCONI GENERAL AV. y PAZ, GRAL. AV.;11.0;-58.52340614;-34.59798754;CARGAS;CARGAS
75;2016-0100;1.0;2016.0;8.0;3.0;23.0;PAZ, GRAL. AV.;;DONADO;PAZ, GRAL. AV. y DONADO;12.0;-58.49491054;-34.54795581;MOTO;OBJETO FIJO
76;2016-0101;1.0;2016.0;8.0;7.0;19.0;PAZ, GRAL. AV.;;CHAVEZ, JORGE;PAZ, GRAL. AV. y CHAVEZ, JORGE;9.0;-58.52932872;-34.65014993;SD;SD
77;2016-0102;1.0;2016.0;8.0;10.0;23.0;PERON, EVA AV.;;SUAREZ, JOSE LEON;PERON, EVA AV. y SUAREZ, JOSE LEON;9.0;-58.50011639;-34.67316502;MOTO;CARGAS
78;2016-0104;1.0;2016.0;8.0;14.0;21.0;ZINNY;;SANTIAGO DE COMPOSTELA AV.;ZINNY y SANTIAGO DE COMPOSTELA AV.;9.0;-58.46635001;-34.65624369;MOTO;PASAJEROS
79;2016-0105;1.0;2016.0;8.0;17.0;0.0;LACROZE, FEDERICO AV.;;FRAGA;LACROZE, FEDERICO AV. y FRAGA;15.0;-58.45343236;-34.58435809;PEATON;PASAJEROS
80;2016-0106;1.0;2016.0;8.0;19.0;21.0;PELLEGRINI, CARLOS;;DEL LIBERTADOR AV.;PELLEGRINI, CARLOS y DEL LIBERTADOR AV.;1.0;-58.38090932;-34.58927731;PEATON;PASAJEROS
81;2016-0107;1.0;2016.0;8.0;20.0;8.0;AUTOPISTA 1 SUR PRESIDENTE ARTURO FRONDIZI;;SD;AUTOPISTA 1 SUR PRESIDENTE ARTURO FRONDIZI y DON PEDRO DE MENDOZA AV.;4.0;-58.37157668;-34.65429986;MOTO;AUTO
82;2016-0109;1.0;2016.0;8.0;24.0;5.0;AUTOPISTA PERITO MORENO;;BARRAGAN;AUTOPISTA PERITO MORENO y BARRAGAN;9.0;-58.52280139;-34.63659934;AUTO;OBJETO FIJO
83;2016-0110;1.0;2016.0;8.0;24.0;20.0;ALBERDI, JUAN BAUTISTA AV.;;CARHUE;ALBERDI, JUAN BAUTISTA AV. y CARHUE;9.0;-58.51232237;-34.6590353;PEATON;SD
84;2016-0111;1.0;2016.0;8.0;25.0;9.0;LUGONES;;LA PAMPA;LUGONES y LA PAMPA;15.0;-58.47461905;-34.57663634;MOTO;CARGAS
85;2016-0112;1.0;2016.0;8.0;27.0;4.0;AUTOPISTA 25 DE MAYO;;AUTOPISTA 1 SUR PRESIDENTE ARTURO FRONDIZI;AUTOPISTA 25 DE MAYO y AUTOPISTA 1 SUR PRESIDENTE ARTURO FRONDIZI;1.0;-58.38268809;-34.62282019;MOTO;OBJETO FIJO
86;2016-0113;1.0;2016.0;8.0;27.0;16.0;ALBERDI, JUAN BAUTISTA AV.;;GUARDIA NACIONAL;ALBERDI, JUAN BAUTISTA AV. y GUARDIA NACIONAL;9.0;-58.49603546;-34.64564271;PEATON;PASAJEROS
87;2016-0114;1.0;2016.0;8.0;31.0;11.0;SALGUERO, JERONIMO;1410.0;SD;SALGUERO, JERONIMO 1410;14.0;-58.41848605;-34.59394733;BICICLETA;CARGAS
88;2016-0115;1.0;2016.0;9.0;2.0;11.0;ARIAS;;TRONADOR;ARIAS y TRONADOR;12.0;-58.48935041;-34.54917673;SD;CARGAS
89;2016-0116;1.0;2016.0;9.0;2.0;20.0;27 DE FEBRERO AV.;;ESCALADA AV.;27 DE FEBRERO AV. y ESCALADA AV.;8.0;-58.44451316;-34.68475866;MOTO;AUTO
90;2016-0117;1.0;2016.0;9.0;3.0;15.0;DEL LIBERTADOR AV.;;TAGLE;DEL LIBERTADOR AV. y TAGLE;14.0;-58.39936478;-34.58271474;AUTO;AUTO
91;2016-0118;1.0;2016.0;9.0;4.0;3.0;AUTOPISTA 1 SUR PRESIDENTE ARTURO FRONDIZI;;SD;AUTOPISTA 1 SUR PRESIDENTE ARTURO FRONDIZI KM. 2.9;1.0;-58.37936704;-34.62694503;AUTO;AUTO
92;2016-0119;1.0;2016.0;9.0;4.0;6.0;LARRALDE, CRISOLOGO AV.;;TRIUNVIRATO AV.;LARRALDE, CRISOLOGO AV. y TRIUNVIRATO AV.;12.0;-58.49659234;-34.56353635;SD;SD
93;2016-0122;1.0;2016.0;9.0;13.0;7.0;PERON, EVA AV.;4233.0;SD;PERON, EVA AV. 4233;9.0;-58.47256391;-34.65194557;BICICLETA;PASAJEROS
94;2016-0123;1.0;2016.0;9.0;14.0;9.0;ASAMBLEA AV.;;BONORINO, ESTEBAN, CNEL. AV.;ASAMBLEA AV. y BONORINO, ESTEBAN, CNEL. AV.;7.0;-58.45130953;-34.64053676;MOTO;AUTO
95;2016-0124;1.0;2016.0;9.0;16.0;15.0;RIVADAVIA AV.;;RIVERA INDARTE AV.;RIVADAVIA AV. y RIVERA INDARTE AV.;7.0;-58.46271207;-34.62884871;PEATON;PASAJEROS
96;2016-0125;1.0;2016.0;9.0;17.0;12.0;AUTOPISTA PERITO MORENO;;ALBERDI, JUAN BAUTISTA AV.;AUTOPISTA PERITO MORENO y ALBERDI, JUAN BAUTISTA AV.;10.0;-58.49020869;-34.64243791;MOTO;MOTO
97;2016-0126;2.0;2016.0;9.0;18.0;22.0;IRIGOYEN;;TINOGASTA;IRIGOYEN y TINOGASTA;10.0;-58.52572109;-34.62125906;AUTO;CARGAS
98;2016-0127;1.0;2016.0;9.0;24.0;10.0;ACOSTA, MARIANO;;ROCA, CNEL. AV.;ACOSTA, MARIANO y ROCA, CNEL. AV.;8.0;-58.44094791;-34.66677111;PEATON;PASAJEROS
99;2016-0128;1.0;2016.0;10.0;2.0;11.0;CASTRO;;PAVON AV.;CASTRO y PAVON AV.;5.0;-58.41914024;-34.6305389;PEATON;PASAJEROS
100;2016-0130;1.0;2016.0;10.0;4.0;12.0;AUTOPISTA 1 SUR PRESIDENTE ARTURO FRONDIZI;;SD;AUTOPISTA 1 SUR PRESIDENTE ARTURO FRONDIZI y BRASIL;1.0;-58.37910942;-34.62764717;MOTO;CARGAS
101;2016-0131;1.0;2016.0;10.0;9.0;19.0;MIRAVE;3500.0;SD;MIRAVE 3500;4.0;-58.39871183;-34.64539318;PEATON;AUTO
102;2016-0132;1.0;2016.0;10.0;10.0;2.0;SAN JUAN AV.;;24 DE NOVIEMBRE;SAN JUAN AV. y 24 DE NOVIEMBRE;3.0;-58.41036975;-34.62477021;AUTO;PASAJEROS
103;2016-0133;1.0;2016.0;10.0;14.0;0.0;LAS HERAS GENERAL AV.;;SANCHEZ DE BUSTAMANTE;LAS HERAS GENERAL AV. y SANCHEZ DE BUSTAMANTE;14.0;-58.40204698;-34.5834269;MOTO;AUTO
104;2016-0134;1.0;2016.0;10.0;23.0;5.0;PIEDRA BUENA AV.;;2 DE ABRIL DE 1982;PIEDRA BUENA AV. y 2 DE ABRIL DE 1982;8.0;-58.48935287;-34.67648597;MOTO;OBJETO FIJO
105;2016-0135;1.0;2016.0;10.0;24.0;5.0;FIGUEROA ALCORTA, PRES. AV.;;PINEDO, INT.;FIGUEROA ALCORTA, PRES. AV. y PINEDO, INT.;14.0;-58.42260225;-34.56403694;PEATON;SD
107;2016-0137;1.0;2016.0;10.0;25.0;0.0;SAN MARTIN AV.;;LADINES;SAN MARTIN AV. y LADINES;11.0;-58.51537091;-34.59035925;MOTO;MOTO
108;2016-0138;1.0;2016.0;10.0;27.0;20.0;CABILDO AV.;;BLANCO ENCALADA;CABILDO AV. y BLANCO ENCALADA;13.0;-58.4590967;-34.55922742;BICICLETA;CARGAS
109;2016-0139;1.0;2016.0;10.0;28.0;23.0;FIGUEROA ALCORTA, PRES. AV.;;DORREGO AV.;FIGUEROA ALCORTA, PRES. AV. y DORREGO AV.;14.0;-58.42008769;-34.56539579;MOTO;MOTO
110;2016-0140;1.0;2016.0;10.0;31.0;2.0;JURAMENTO AV.;;VUELTA DE OBLIGADO;JURAMENTO AV. y VUELTA DE OBLIGADO;13.0;-58.45566399;-34.56147293;PASAJEROS;PASAJEROS
111;2016-0142;1.0;2016.0;11.0;5.0;23.0;DEL LIBERTADOR AV.;;RAMOS MEJIA, JOSE MARIA, DR. AV.;DEL LIBERTADOR AV. y RAMOS MEJIA, JOSE MARIA, DR. AV.;1.0;-58.37533517;-34.59276462;MOTO;PASAJEROS
112;2016-0143;1.0;2016.0;11.0;6.0;4.0;27 DE FEBRERO AV.;;ESCALADA AV.;27 DE FEBRERO AV. y ESCALADA AV.;8.0;-58.44451316;-34.68475866;MOTO;SD
113;2016-0144;1.0;2016.0;11.0;7.0;12.0;BROWN, ALTE. AV.;984.0;SD;BROWN, ALTE. AV. 984;4.0;-58.35975012;-34.63343907;PEATON;PASAJEROS
114;2016-0145;1.0;2016.0;11.0;7.0;20.0;DEL LIBERTADOR AV.;;LA PAMPA;DEL LIBERTADOR AV. y LA PAMPA;13.0;-58.44523595;-34.55953855;MOTO;AUTO
115;2016-0146;1.0;2016.0;11.0;9.0;20.0;PICHINCHA AV.;;BRASIL;PICHINCHA AV. y BRASIL;4.0;-58.39626094;-34.63036565;PEATON;PASAJEROS
116;2016-0147;1.0;2016.0;11.0;16.0;21.0;INDEPENDENCIA AV.;;CEVALLOS, VIRREY;INDEPENDENCIA AV. y CEVALLOS, VIRREY;1.0;-58.38896772;-34.61799615;MOVIL;PASAJEROS
117;2016-0148;1.0;2016.0;11.0;16.0;22.0;GARMENDIA AV.;4895.0;SD;GARMENDIA AV. 4895;15.0;-58.46536113;-34.59484504;MOTO;MOTO
118;2016-0150;1.0;2016.0;11.0;18.0;18.0;ALCORTA, AMANCIO AV.;;TABORDA, DIOGENES;ALCORTA, AMANCIO AV. y TABORDA, DIOGENES;4.0;-58.40879146;-34.65273216;CARGAS;CARGAS
120;2016-0152;1.0;2016.0;11.0;23.0;21.0;MORENO, PERITO AV.;;ZUVIRIA;MORENO, PERITO AV. y ZUVIRIA;7.0;-58.46451841;-34.64991946;MOTO;AUTO
121;2016-0153;1.0;2016.0;11.0;25.0;15.0;ARAOZ;;CORDOBA AV.;ARAOZ y CORDOBA AV.;15.0;-58.4291709;-34.59485488;PEATON;MOTO
122;2016-0154;1.0;2016.0;11.0;26.0;14.0;PAZ, GRAL. AV.;15200.0;SD;PAZ, GRAL. AV. 15200;8.0;-58.49007772;-34.68251141;MOTO;MOTO
123;2016-0155;1.0;2016.0;11.0;26.0;16.0;MADERO;900.0;SD;MADERO 900;10.0;-58.52756365;-34.62772274;PEATON;AUTO
124;2016-0156;1.0;2016.0;11.0;26.0;19.0;INDEPENDENCIA AV.;;DEAN FUNES;INDEPENDENCIA AV. y DEAN FUNES;3.0;-58.40638983;-34.61943202;MOTO;PASAJEROS
125;2016-0157;1.0;2016.0;12.0;3.0;6.0;JUSTO, JUAN B. AV.;5645.0;SD;JUSTO, JUAN B. AV. 5645;11.0;-58.47576807;-34.61740997;MOTO;MOTO
126;2016-0159;1.0;2016.0;12.0;4.0;7.0;27 DE FEBRERO AV.;;ESCALADA AV.;27 DE FEBRERO AV. y ESCALADA AV.;8.0;-58.44451316;-34.68475866;AUTO;SD
127;2016-0160;1.0;2016.0;12.0;6.0;5.0;AUTOPISTA PERITO MORENO;;SD;AUTOPISTA PERITO MORENO (ALTURA VELEZ SARSFIELD);9.0;-58.51927194;-34.63635787;CARGAS;OBJETO FIJO
128;2016-0161;1.0;2016.0;12.0;6.0;7.0;SANTA FE AV.;;GODOY CRUZ;SANTA FE AV. y GODOY CRUZ;14.0;-58.42525456;-34.57866344;PEATON;PASAJEROS
129;2016-0162;1.0;2016.0;12.0;7.0;5.0;LACROZE, FEDERICO AV.;;FOREST AV.;LACROZE, FEDERICO AV. y FOREST AV.;15.0;-58.45396573;-34.58518167;PEATON;AUTO
130;2016-0163;1.0;2016.0;12.0;10.0;7.0;PAZ, GRAL. AV.;;MOSCONI GENERAL AV.;PAZ, GRAL. AV. y MOSCONI GENERAL AV.;11.0;-58.52340614;-34.59798754;MOTO;AUTO
131;2016-0164;1.0;2016.0;12.0;11.0;6.0;LA PLATA AV.;;POMAR, GREGORIO TTE. CNEL.;LA PLATA AV. y POMAR, GREGORIO TTE. CNEL.;4.0;-58.42323628;-34.64119105;AUTO;AUTO
132;2016-0165;1.0;2016.0;12.0;12.0;8.0;GARCIA, MARTIN AV.;300.0;SD;GARCIA, MARTIN AV. 300;4.0;-58.36926144;-34.62841919;BICICLETA;PASAJEROS
133;2016-0168;1.0;2016.0;12.0;13.0;10.0;LA PLATA AV.;;POMAR, GREGORIO TTE. CNEL.;LA PLATA AV. y POMAR, GREGORIO TTE. CNEL.;4.0;-58.42323628;-34.64119105;MOTO;AUTO
134;2016-0169;1.0;2016.0;12.0;15.0;15.0;NU?EZ;;BALBIN, RICARDO, DR. AV.;NUÃ‘EZ y BALBIN, RICARDO, DR. AV.;12.0;-58.47935434;-34.55676497;MOTO;PASAJEROS
135;2016-0170;1.0;2016.0;12.0;19.0;17.0;PAZ, GRAL. AV.;4500.0;SD;PAZ, GRAL. AV. 4500;12.0;-58.50598256;-34.5637998;MOTO;AUTO
136;2016-0171;1.0;2016.0;12.0;25.0;19.0;HUERGO, ING. AV.;;AUTOPISTA 25 DE MAYO;HUERGO, ING. AV. y AUTOPISTA 25 DE MAYO;1.0;-58.36607137;-34.62150748;MOTO;MOTO
137;2016-0172;1.0;2016.0;12.0;26.0;8.0;GARAY, JUAN DE AV.;;CASTRO;GARAY, JUAN DE AV. y CASTRO;5.0;-58.41918902;-34.63174259;MOTO;CARGAS
138;2016-0173;1.0;2016.0;12.0;26.0;19.0;DIRECTORIO AV.;;SAN PEDRITO AV.;DIRECTORIO AV. y SAN PEDRITO AV.;7.0;-58.46749188;-34.63551751;MOTO;CARGAS
140;2016-0175;1.0;2016.0;12.0;27.0;8.0;FALCON, RAMON L.,CNEL.;;MEMBRILLAR;FALCON, RAMON L.,CNEL. y MEMBRILLAR;7.0;-58.46064174;-34.62960517;PEATON;BICICLETA
141;2016-0176;1.0;2016.0;12.0;28.0;1.0;BELGRANO AV.;;PASEO COLON AV.;BELGRANO AV. y PASEO COLON AV.;1.0;-58.36956186;-34.61232875;MOTO;PASAJEROS
142;2016-0177;1.0;2016.0;12.0;29.0;4.0;ARENALES;3319.0;SD;ARENALES 3319;14.0;-58.40966671;-34.58788235;PEATON;AUTO
143;2016-0178;1.0;2016.0;12.0;30.0;16.0;REPUBLICA BOLIVARIANA DE VENEZUELA;;SAAVEDRA;REPUBLICA BOLIVARIANA DE VENEZUELA y SAAVEDRA;3.0;-58.40288226;-34.61544091;PEATON;MULTIPLE
144;2017-0001;1.0;2017.0;1.0;2.0;1.0;JUSTO, JUAN B. AV.;;ACHUPALLAS;JUSTO, JUAN B. AV. y ACHUPALLAS;11.0;-58.4659423;-34.61028571;MOTO;CARGAS
145;2017-0003;1.0;2017.0;1.0;5.0;3.0;OLAVARRIA;;VELEZ SARSFIELD AV.;OLAVARRIA y VELEZ SARSFIELD AV.;4.0;-58.38957669;-34.64410277;CARGAS;CARGAS
146;2017-0007;1.0;2017.0;1.0;11.0;17.0;LIMA;;MEXICO;LIMA y MEXICO;1.0;-58.3816166;-34.61529543;PEATON;MULTIPLE
147;2017-0008;1.0;2017.0;1.0;16.0;0.0;CABRERA, JOSE A.;;BONPLAND;CABRERA, JOSE A. y BONPLAND;14.0;-58.43917004;-34.58494351;MOTO;PASAJEROS
148;2017-0009;1.0;2017.0;1.0;16.0;13.0;AUTOPISTA 25 DE MAYO;;SD;AUTOPISTA 25 DE MAYO y BOEDO AV.;5.0;-58.41595919;-34.62743346;MOTO;CARGAS
149;2017-0010;1.0;2017.0;1.0;16.0;16.0;DIRECTORIO AV.;;RIGLOS;DIRECTORIO AV. y RIGLOS;6.0;-58.4356488;-34.62828656;MOTO;AUTO
150;2017-0011;1.0;2017.0;1.0;22.0;2.0;PAZ, GRAL. AV.;;BALBIN, RICARDO, DR. AV.;PAZ, GRAL. AV. y BALBIN, RICARDO, DR. AV.;12.0;-58.5007381;-34.5497951;MOTO;OBJETO FIJO
151;2017-0012;1.0;2017.0;1.0;24.0;14.0;TRAFUL;;TABORDA, DIOGENES;TRAFUL y TABORDA, DIOGENES;4.0;-58.40969005;-34.6505529;MOTO;CARGAS
152;2017-0013;1.0;2017.0;1.0;27.0;7.0;IRIARTE, GRAL. AV.;3055.0;SD;IRIARTE, GRAL. AV. 3055;4.0;-58.38972622;-34.65098981;PEATON;CARGAS
153;2017-0014;1.0;2017.0;1.0;28.0;8.0;DONADO;;ARIAS;DONADO y ARIAS;12.0;-58.49185972;-34.55046754;MOTO;MULTIPLE
154;2017-0015;1.0;2017.0;2.0;2.0;15.0;CORDOBA AV.;;CALLAO AV.;CORDOBA AV. y CALLAO AV.;2.0;-58.39293417;-34.59963642;PEATON;AUTO
155;2017-0016;1.0;2017.0;2.0;3.0;5.0;AUTOPISTA 25 DE MAYO;;SD;AUTOPISTA 25 DE MAYO KM. 8.3;1.0;-58.38099494;-34.62288231;MOTO;CARGAS
156;2017-0017;1.0;2017.0;2.0;6.0;8.0;JUSTO, JUAN B. AV.;;PARAGUAY;JUSTO, JUAN B. AV. y PARAGUAY;14.0;-58.429012;-34.58095431;MOTO;AUTO
157;2017-0018;1.0;2017.0;2.0;9.0;7.0;PAZ, GRAL. AV.;;DE LOS CORRALES AV.;PAZ, GRAL. AV. y DE LOS CORRALES AV.;9.0;-58.50877521;-34.66977709;MOTO;AUTO
158;2017-0021;1.0;2017.0;2.0;18.0;5.0;SARMIENTO;;LIBERTAD;SARMIENTO y LIBERTAD;1.0;-58.38362373;-34.60509972;MOTO;PASAJEROS
159;2017-0024;1.0;2017.0;2.0;23.0;20.0;RIVADAVIA AV.;7121.0;SD;RIVADAVIA AV. 7121;7.0;-58.46589308;-34.62955795;PEATON;PASAJEROS
160;2017-0025;1.0;2017.0;2.0;24.0;17.0;FERNANDEZ DE LA CRUZ, F., GRAL. AV.;;RIVERA INDARTE AV.;FERNANDEZ DE LA CRUZ, F., GRAL. AV. y RIVERA INDARTE AV.;7.0;-58.43614426;-34.6542464;MOTO;SD
161;2017-0026;2.0;2017.0;2.0;26.0;5.0;MORENO, PERITO AV.;;FOURNIER;MORENO, PERITO AV. y FOURNIER;4.0;-58.41842777;-34.64979057;AUTO;OBJETO FIJO
162;2017-0027;1.0;2017.0;2.0;26.0;21.0;CASEROS AV.;1429.0;SD;CASEROS AV. 1429;1.0;-58.38332245;-34.6319325;PEATON;AUTO
163;2017-0028;1.0;2017.0;2.0;28.0;9.0;GAONA AV.;;FRAGATA PRES. SARMIENTO;GAONA AV. y FRAGATA PRES. SARMIENTO;6.0;-58.45475488;-34.61196327;PEATON;AUTO
164;2017-0029;1.0;2017.0;3.0;7.0;2.0;MOZART;;TANDIL;MOZART y TANDIL;9.0;-58.48501341;-34.64742455;SD;AUTO
165;2017-0030;1.0;2017.0;3.0;7.0;8.0;MOZART;;AUTOPISTA DELLEPIANE LUIS TTE. GRAL.;MOZART y AUTOPISTA DELLEPIANE LUIS TTE. GRAL.;9.0;-58.47010988;-34.65872088;AUTO;PASAJEROS
166;2017-0031;1.0;2017.0;3.0;11.0;1.0;24 DE NOVIEMBRE;;PAVON;24 DE NOVIEMBRE y PAVON;3.0;-58.4099756;-34.62873635;AUTO;OBJETO FIJO
167;2017-0032;1.0;2017.0;3.0;12.0;5.0;PAZ, GRAL. AV.;;LOS CEDROS;PAZ, GRAL. AV. y LOS CEDROS;8.0;-58.48892175;-34.68359163;AUTO;AUTO
168;2017-0033;1.0;2017.0;3.0;12.0;7.0;PAZ, GRAL. AV.;;GUTIERREZ, RICARDO;PAZ, GRAL. AV. y GUTIERREZ, RICARDO;11.0;-58.52466448;-34.60325478;AUTO;AUTO
169;2017-0034;1.0;2017.0;3.0;13.0;7.0;GODOY CRUZ;2651.0;SD;GODOY CRUZ 2651;14.0;-58.42554218;-34.57929036;PEATON;AUTO
170;2017-0035;3.0;2017.0;3.0;23.0;5.0;ACHAVAL RODRIGUEZ, T., DR. AV.;;VILLAFLOR, AZUCENA;ACHAVAL RODRIGUEZ, T., DR. AV. y VILLAFLOR, AZUCENA;1.0;-58.35881506;-34.61113641;AUTO;OBJETO FIJO
171;2017-0036;2.0;2017.0;3.0;29.0;18.0;PAZ, GRAL. AV.;;CAMPANA;PAZ, GRAL. AV. y CAMPANA;12.0;-58.51452347;-34.58159762;MOTO;PASAJEROS
172;2017-0037;1.0;2017.0;3.0;31.0;3.0;INDEPENDENCIA AV.;;CEVALLOS, VIRREY;INDEPENDENCIA AV. y CEVALLOS, VIRREY;1.0;-58.38896772;-34.61799615;MOTO;CARGAS
173;2017-0038;1.0;2017.0;4.0;1.0;19.0;CASTA?ARES AV.;;LAUTARO;CASTAÃ‘ARES AV. y LAUTARO;7.0;-58.44516857;-34.64363363;MOTO;AUTO
174;2017-0040;1.0;2017.0;4.0;3.0;9.0;GUIRALDES, INT.;2699.0;SD;GUIRALDES, INT. 2699;13.0;-58.43834197;-34.54560369;AUTO;MULTIPLE
175;2017-0041;1.0;2017.0;4.0;3.0;23.0;FERNANDEZ MORENO, BALDOMERO;2186.0;SD;FERNANDEZ MORENO, BALDOMERO 2186;7.0;-58.45485084;-34.63531854;MOTO;AUTO
177;2017-0045;1.0;2017.0;4.0;14.0;6.0;NOGOYA;5940.0;SD;NOGOYA 5940;10.0;-58.52449285;-34.62454175;MOTO;OBJETO FIJO
178;2017-0047;1.0;2017.0;4.0;23.0;6.0;ARGENTINA AV.;;CORVALAN;ARGENTINA AV. y CORVALAN;8.0;-58.46713742;-34.6719879;MOTO;AUTO
179;2017-0049;1.0;2017.0;4.0;27.0;18.0;FERNANDEZ DE LA CRUZ, F., GRAL. AV.;;VARELA AV.;FERNANDEZ DE LA CRUZ, F., GRAL. AV. y VARELA AV.;8.0;-58.43850413;-34.65554754;PEATON;PASAJEROS
182;2017-0052;1.0;2017.0;5.0;5.0;3.0;PAZ, GRAL. AV.;;GOLETA SANTA CRUZ;PAZ, GRAL. AV. y GOLETA SANTA CRUZ;8.0;-58.49413799;-34.68095739;PEATON;CARGAS
183;2017-0053;1.0;2017.0;5.0;5.0;20.0;VIEYTES;;VILLARINO;VIEYTES y VILLARINO;4.0;-58.37547846;-34.65326075;MOTO;CARGAS
184;2017-0054;1.0;2017.0;5.0;7.0;21.0;DE LOS CONSTITUYENTES AV.;;MORAN, PEDRO;DE LOS CONSTITUYENTES AV. y MORAN, PEDRO;15.0;-58.48680218;-34.58689719;MOTO;AUTO
185;2017-0055;1.0;2017.0;5.0;9.0;8.0;DE LOS CONSTITUYENTES AV.;4900.0;SD;DE LOS CONSTITUYENTES AV. 4900;12.0;-58.49563989;-34.57962262;AUTO;AUTO
186;2017-0058;1.0;2017.0;5.0;9.0;23.0;CORDOBA AV.;;LIBERTAD;CORDOBA AV. y LIBERTAD;1.0;-58.38403232;-34.5991594;PEATON;MOTO
187;2017-0059;1.0;2017.0;5.0;11.0;9.0;BRASIL;;LIMA;BRASIL y LIMA;1.0;-58.38223382;-34.62693865;PEATON;PASAJEROS
188;2017-0060;1.0;2017.0;5.0;13.0;7.0;ESCALADA AV.;;FERNANDEZ DE LA CRUZ, F., GRAL. AV.;ESCALADA AV. y FERNANDEZ DE LA CRUZ, F., GRAL. AV.;8.0;-58.45966521;-34.67323292;MOTO;OBJETO FIJO
189;2017-0061;1.0;2017.0;5.0;15.0;13.0;PARAGUAY;;CALLAO AV.;PARAGUAY y CALLAO AV.;2.0;-58.39303911;-34.59871111;PEATON;MOTO
190;2017-0062;1.0;2017.0;5.0;15.0;16.0;JUSTO, JUAN B. AV.;;SAN BLAS;JUSTO, JUAN B. AV. y SAN BLAS;10.0;-58.51262106;-34.63395999;MOTO;CARGAS
191;2017-0063;1.0;2017.0;5.0;17.0;10.0;CHILE;;9 DE JULIO AV.;CHILE y 9 DE JULIO AV.;1.0;-58.38118367;-34.61646839;PEATON;PASAJEROS
192;2017-0064;1.0;2017.0;5.0;20.0;5.0;MAIPU;;PERON, JUAN DOMINGO, TTE. GENERAL;MAIPU y PERON, JUAN DOMINGO, TTE. GENERAL;1.0;-58.37653284;-34.60582475;CARGAS;AUTO
193;2017-0065;1.0;2017.0;5.0;22.0;16.0;SUAREZ AV.;;HERRERA;SUAREZ AV. y HERRERA;4.0;-58.37709334;-34.64035082;BICICLETA;CARGAS
194;2017-0066;1.0;2017.0;5.0;22.0;18.0;SAN MARTIN AV.;;FRAGATA PRES. SARMIENTO;SAN MARTIN AV. y FRAGATA PRES. SARMIENTO;15.0;-58.46002142;-34.60409469;PEATON;PASAJEROS
195;2017-0067;1.0;2017.0;5.0;23.0;2.0;DIRECTORIO AV.;;MORENO, JOSE MARIA AV.;DIRECTORIO AV. y MORENO, JOSE MARIA AV.;6.0;-58.4338197;-34.62801894;MOTO;CARGAS
196;2017-0068;1.0;2017.0;5.0;27.0;19.0;RABANAL, FRANCISCO, INTENDENTE AV.;2950.0;SD;RABANAL, FRANCISCO, INTENDENTE AV. 2950;8.0;-58.43580656;-34.66437532;MOTO;OBJETO FIJO
197;2017-0069;1.0;2017.0;5.0;24.0;14.0;PAZ, GRAL. AV.;;SCHMIDL, ULRICO;PAZ, GRAL. AV. y SCHMIDL, ULRICO;9.0;-58.52173071;-34.65997463;MOTO;SD
198;2017-0070;1.0;2017.0;5.0;30.0;13.0;NUEVA YORK;3696.0;SD;NUEVA YORK 3696;11.0;-58.50791763;-34.59804273;PEATON;AUTO
199;2017-0072;1.0;2017.0;6.0;3.0;23.0;DE LOS CONSTITUYENTES AV.;;VALLEJOS;DE LOS CONSTITUYENTES AV. y VALLEJOS;12.0;-58.49175088;-34.58226957;AUTO;AUTO
200;2017-0073;1.0;2017.0;6.0;4.0;9.0;CORRIENTES AV.;;ECUADOR;CORRIENTES AV. y ECUADOR;3.0;-58.40781467;-34.60425669;MOTO;AUTO
201;2017-0074;1.0;2017.0;6.0;4.0;12.0;CASCO;133.0;SD;CASCO 133;9.0;-58.52567073;-34.63787791;SD;SD
202;2017-0075;1.0;2017.0;6.0;12.0;22.0;DE MAYO AV.;;9 DE JULIO AV.;DE MAYO AV. y 9 DE JULIO AV.;1.0;-58.381542;-34.60906385;PEATON;MOTO
203;2017-0076;1.0;2017.0;6.0;13.0;14.0;CASTILLO, RAMON S., PRES. AV.;;CALLE 12 (NO OFICIAL);CASTILLO, RAMON S., PRES. AV. y CALLE 12 (NO OFICIAL);2.0;-58.38526125;-34.5780581;PEATON;CARGAS
204;2017-0077;1.0;2017.0;6.0;17.0;23.0;FRAY JUSTO SANTAMARIA DE ORO;1930.0;SD;FRAY JUSTO SANTAMARIA DE ORO 1930;14.0;-58.42934104;-34.58451712;MOTO;CARGAS
205;2017-0079;1.0;2017.0;6.0;19.0;16.0;MEXICO;;DEAN FUNES;MEXICO y DEAN FUNES;3.0;-58.40657493;-34.61781124;MOTO;CARGAS
206;2017-0080;1.0;2017.0;6.0;22.0;10.0;ALBERDI, JUAN BAUTISTA AV.;;ESCALADA AV.;ALBERDI, JUAN BAUTISTA AV. y ESCALADA AV.;9.0;-58.49525314;-34.64487785;PEATON;CARGAS
207;2017-0082;1.0;2017.0;6.0;25.0;22.0;ENTRE RIOS AV.;;BRASIL;ENTRE RIOS AV. y BRASIL;4.0;-58.39092851;-34.62932696;PEATON;AUTO
208;2017-0083;1.0;2017.0;7.0;4.0;0.0;ALBERDI, JUAN BAUTISTA AV.;;GUARDIA NACIONAL;ALBERDI, JUAN BAUTISTA AV. y GUARDIA NACIONAL;9.0;-58.49603546;-34.64564271;MOTO;CARGAS
209;2017-0084;1.0;2017.0;7.0;5.0;12.0;DEL LIBERTADOR AV.;;RODRIGUEZ PE?A;DEL LIBERTADOR AV. y RODRIGUEZ PEÃ‘A;2.0;-58.38502878;-34.58703485;PEATON;PASAJEROS
210;2017-0085;1.0;2017.0;7.0;7.0;14.0;TACUARI;;GARCIA, MARTIN AV.;TACUARI y GARCIA, MARTIN AV.;4.0;-58.37261143;-34.63150425;PEATON;PASAJEROS
211;2017-0086;1.0;2017.0;7.0;9.0;7.0;RIVADAVIA AV.;;MURGUIONDO;RIVADAVIA AV. y MURGUIONDO;9.0;-58.51876802;-34.63905965;PEATON;MOTO
212;2017-0087;1.0;2017.0;7.0;10.0;10.0;24 DE NOVIEMBRE;390.0;SD;24 DE NOVIEMBRE 390;3.0;-58.41095567;-34.61516101;PEATON;AUTO
213;2017-0088;1.0;2017.0;7.0;10.0;22.0;PASEO COLON AV.;;BRASIL AV.;PASEO COLON AV. y BRASIL AV.;1.0;-58.36797542;-34.62519403;PEATON;PASAJEROS
214;2017-0089;1.0;2017.0;7.0;13.0;12.0;LEGUIZAMON, MARTINIANO;901.0;SD;LEGUIZAMON, MARTINIANO 901;9.0;-58.51514709;-34.64787051;SD;AUTO
215;2017-0090;1.0;2017.0;7.0;15.0;5.0;CHIVILCOY AV.;;PAZ, GRAL. AV.;CHIVILCOY AV. y PAZ, GRAL. AV.;11.0;-58.51925642;-34.59171721;PEATON;AUTO
216;2017-0091;1.0;2017.0;7.0;15.0;13.0;SUPERI;;PAZ, GRAL. AV.;SUPERI y PAZ, GRAL. AV.;12.0;-58.48671535;-34.54321216;MOTO;SD
217;2017-0092;1.0;2017.0;7.0;24.0;22.0;AUTOPISTA 25 DE MAYO;;AUTOPISTA 1 SUR PRESIDENTE ARTURO FRONDIZI;AUTOPISTA 25 DE MAYO y AUTOPISTA 1 SUR PRESIDENTE ARTURO FRONDIZI;1.0;-58.38268809;-34.62282019;PEATON;AUTO
218;2017-0093;1.0;2017.0;7.0;25.0;16.0;LUGONES, LEOPOLDO AV.;;PUENTE DISTRIBUIDOR SCALABRINI ORTIZ;LUGONES, LEOPOLDO AV. y PUENTE DISTRIBUIDOR SCALABRINI ORTIZ;13.0;-58.43633522;-34.54966288;PEATON;AUTO
219;2017-0094;1.0;2017.0;7.0;27.0;8.0;HUGO, VICTOR;2639.0;SD;HUGO, VICTOR 2639;10.0;-58.52640838;-34.61765855;BICICLETA;CARGAS
220;2017-0095;1.0;2017.0;8.0;6.0;8.0;CORDOBA AV.;;SALGUERO, JERONIMO;CORDOBA AV. y SALGUERO, JERONIMO;14.0;-58.41894306;-34.59778875;MOTO;AUTO
221;2017-0096;1.0;2017.0;8.0;7.0;19.0;CABILDO AV.;;NU?EZ;CABILDO AV. y NUÃ‘EZ;13.0;-58.46756026;-34.54972741;PEATON;PASAJEROS
222;2017-0098;1.0;2017.0;8.0;8.0;12.0;BONIFACIO, JOSE;2114.0;SD;BONIFACIO, JOSE 2114;7.0;-58.45715752;-34.63132912;PEATON;AUTO
223;2017-0099;1.0;2017.0;8.0;17.0;19.0;FIGUEROA ALCORTA, PRES. AV.;5400.0;SD;FIGUEROA ALCORTA, PRES. AV. 5400;14.0;-58.42406784;-34.56213916;BICICLETA;AUTO
224;2017-0100;1.0;2017.0;8.0;21.0;7.0;REPUBLICA BOLIVARIANA DE VENEZUELA;2135.0;SD;REPUBLICA BOLIVARIANA DE VENEZUELA 2135;3.0;-58.3967447;-34.61512051;MOTO;OBJETO FIJO
225;2017-0101;1.0;2017.0;8.0;23.0;10.0;LACROZE, FEDERICO AV.;;ZAPATA;LACROZE, FEDERICO AV. y ZAPATA;13.0;-58.44537508;-34.57084818;PEATON;MULTIPLE
226;2017-0102;1.0;2017.0;8.0;24.0;1.0;IRIARTE, GRAL. AV.;;ZAVALETA;IRIARTE, GRAL. AV. y ZAVALETA;4.0;-58.40056767;-34.6510708;PEATON;CARGAS
227;2017-0104;1.0;2017.0;8.0;25.0;9.0;9 DE JULIO AV.;;ESTADOS UNIDOS;9 DE JULIO AV. y ESTADOS UNIDOS;1.0;-58.38109568;-34.61853244;PEATON;CARGAS
228;2017-0106;1.0;2017.0;8.0;31.0;19.0;FRAY JUSTO SANTAMARIA DE ORO;;GUEMES;FRAY JUSTO SANTAMARIA DE ORO y GUEMES;14.0;-58.42533612;-34.58035258;PEATON;PASAJEROS
229;2017-0107;1.0;2017.0;9.0;1.0;11.0;DEL LIBERTADOR AV.;;JARAMILLO;DEL LIBERTADOR AV. y JARAMILLO;13.0;-58.46062311;-34.54395182;MOTO;CARGAS
230;2017-0108;2.0;2017.0;9.0;2.0;4.0;PAZ, GRAL. AV.;;MACHAIN;PAZ, GRAL. AV. y MACHAIN;12.0;-58.49491054;-34.54795581;OBJETO FIJO;AUTO
231;2017-0109;1.0;2017.0;9.0;4.0;21.0;DIRECTORIO AV.;;PORTELA;DIRECTORIO AV. y PORTELA;7.0;-58.47130269;-34.63665402;MOTO;AUTO
232;2017-0110;1.0;2017.0;9.0;6.0;14.0;LAVALLE;;ALEM, LEANDRO N. AV.;LAVALLE y ALEM, LEANDRO N. AV.;1.0;-58.370488;-34.60189492;PEATON;PASAJEROS
233;2017-0111;1.0;2017.0;9.0;7.0;18.0;USPALLATA;;PIROVANO;USPALLATA y PIROVANO;4.0;-58.42023854;-34.6423411;PEATON;CARGAS
234;2017-0112;2.0;2017.0;9.0;10.0;9.0;AUTOPISTA 25 DE MAYO;;SD;AUTOPISTA 25 DE MAYO y VARELA AV.;7.0;-58.45807401;-34.6399743;AUTO;OBJETO FIJO
235;2017-0113;1.0;2017.0;9.0;11.0;6.0;SANTA FE AV.;;MAIPU;SANTA FE AV. y MAIPU;1.0;-58.37697717;-34.59573848;PEATON;PASAJEROS
236;2017-0114;1.0;2017.0;9.0;15.0;2.0;ALVEAR AV.;;DEL LIBERTADOR AV.;ALVEAR AV. y DEL LIBERTADOR AV.;2.0;-58.3910058;-34.5849866;AUTO;OBJETO FIJO
237;2017-0115;1.0;2017.0;9.0;19.0;18.0;PAVON AV.;;TREINTA Y TRES ORIENTALES;PAVON AV. y TREINTA Y TRES ORIENTALES;5.0;-58.42182126;-34.63089661;MOTO;BICICLETA
238;2017-0116;1.0;2017.0;9.0;20.0;22.0;PAZ, GRAL. AV.;5750.0;SD;PAZ, GRAL. AV. 5750;12.0;-58.51389422;-34.58075791;MOTO;OBJETO FIJO
239;2017-0118;1.0;2017.0;9.0;22.0;7.0;VIEYTES;;CRUZ, OSVALDO AV.;VIEYTES y CRUZ, OSVALDO AV.;4.0;-58.37585415;-34.65232158;MOTO;AUTO
240;2017-0120;1.0;2017.0;10.0;2.0;15.0;AUTOPISTA DELLEPIANE LUIS TTE. GRAL.;;ESCALADA AV.;AUTOPISTA DELLEPIANE LUIS TTE. GRAL. y ESCALADA AV.;9.0;-58.47297505;-34.66245085;MOTO;CARGAS
241;2017-0123;1.0;2017.0;10.0;10.0;1.0;ALBARI?O;;ARGENTINA AV.;ALBARIÃ‘O y ARGENTINA AV.;8.0;-58.46855503;-34.67216349;PEATON;AUTO
242;2017-0124;1.0;2017.0;10.0;12.0;14.0;RAMIREZ DE VELASCO, JUAN;1211.0;SD;RAMIREZ DE VELASCO, JUAN 1211;15.0;-58.44254033;-34.59185043;MOTO;PASAJEROS
243;2017-0125;1.0;2017.0;10.0;13.0;6.0;FERNANDEZ DE LA CRUZ, F., GRAL. AV.;;LARRAYA;FERNANDEZ DE LA CRUZ, F., GRAL. AV. y LARRAYA;8.0;-58.46622247;-34.67926929;MOTO;OBJETO FIJO
244;2017-0126;2.0;2017.0;10.0;14.0;6.0;RIESTRA AV.;;CA?ADA DE GOMEZ;RIESTRA AV. y CAÃ‘ADA DE GOMEZ;8.0;-58.48003734;-34.68148508;AUTO;OBJETO FIJO
245;2017-0127;1.0;2017.0;10.0;16.0;7.0;GALLO;;CORDOBA AV.;GALLO y CORDOBA AV.;2.0;-58.41192137;-34.59800248;MOTO;MOTO
246;2017-0128;1.0;2017.0;10.0;17.0;12.0;ARANGUREN, JUAN F., DR.;611.0;SD;ARANGUREN, JUAN F., DR. 611;6.0;-58.44034689;-34.61349731;PEATON;PASAJEROS
247;2017-0129;1.0;2017.0;10.0;26.0;19.0;AUTOPISTA PERITO MORENO;;AUTOPISTA 25 DE MAYO;AUTOPISTA PERITO MORENO y AUTOPISTA 25 DE MAYO;9.0;-58.47155277;-34.64925746;MOTO;PASAJEROS
248;2017-0130;1.0;2017.0;10.0;27.0;5.0;CHORROARIN;;SAN MARTIN AV.;CHORROARIN y SAN MARTIN AV.;15.0;-58.47883099;-34.59967065;AUTO;CARGAS
249;2017-0132;1.0;2017.0;10.0;30.0;14.0;COSQUIN;;ROCA, CNEL. AV.;COSQUIN y ROCA, CNEL. AV.;8.0;-58.46552171;-34.6937413;MOTO;PASAJEROS
250;2017-0134;1.0;2017.0;11.0;6.0;18.0;ROCA, CNEL. AV.;3555.0;SD;ROCA, CNEL. AV. 3555;8.0;-58.4423972;-34.66777987;PEATON;PASAJEROS
251;2017-0135;1.0;2017.0;11.0;7.0;12.0;WARNES AV.;;PUNTA ARENAS;WARNES AV. y PUNTA ARENAS;15.0;-58.47032551;-34.59626814;MOTO;CARGAS
252;2017-0136;1.0;2017.0;11.0;16.0;8.0;BARCO CENTENERA DEL;;RABANAL, FRANCISCO, INTENDENTE AV.;BARCO CENTENERA DEL y RABANAL, FRANCISCO, INTENDENTE AV.;4.0;-58.41827843;-34.65522746;PEATON;PASAJEROS
253;2017-0137;1.0;2017.0;11.0;17.0;11.0;MOSCONI GENERAL AV.;;SAN NICOLAS;MOSCONI GENERAL AV. y SAN NICOLAS;11.0;-58.51280715;-34.59279388;PEATON;CARGAS
254;2017-0138;1.0;2017.0;11.0;19.0;10.0;LAFUENTE AV.;;PERON, EVA AV.;LAFUENTE AV. y PERON, EVA AV.;7.0;-58.46258582;-34.64385704;MOTO;OBJETO FIJO
255;2017-0139;1.0;2017.0;11.0;19.0;22.0;ROCA, CNEL. AV.;;ESCALADA AV.;ROCA, CNEL. AV. y ESCALADA AV.;8.0;-58.45064148;-34.68003614;AUTO;OBJETO FIJO
257;2017-0141;1.0;2017.0;11.0;23.0;19.0;LA PLATA AV.;;GOYENA, PEDRO AV.;LA PLATA AV. y GOYENA, PEDRO AV.;6.0;-58.42717783;-34.62513374;PEATON;PASAJEROS
258;2017-0143;1.0;2017.0;11.0;25.0;21.0;TRELLES, MANUEL R.;;DIAZ, CESAR, GRAL.;TRELLES, MANUEL R. y DIAZ, CESAR, GRAL.;11.0;-58.46442001;-34.60724519;AUTO;PASAJEROS
259;2017-0144;1.0;2017.0;11.0;26.0;6.0;ROCA, CNEL. AV.;;PAZ, GRAL. AV.;ROCA, CNEL. AV. y PAZ, GRAL. AV.;8.0;-58.47064556;-34.69843756;AUTO;OBJETO FIJO
260;2017-0145;1.0;2017.0;11.0;26.0;17.0;MAZA;;DON BOSCO;MAZA y DON BOSCO;5.0;-58.41677733;-34.61223119;MOTO;AUTO
261;2017-0147;1.0;2017.0;11.0;28.0;11.0;PAZ, GRAL. AV.;;PERON, EVA AV.;PAZ, GRAL. AV. y PERON, EVA AV.;9.0;-58.5025179;-34.67450313;MOTO;AUTO
262;2017-0148;1.0;2017.0;11.0;29.0;10.0;SAN JUAN AV.;;LA RIOJA;SAN JUAN AV. y LA RIOJA;3.0;-58.40708125;-34.62438894;PEATON;PASAJEROS
263;2017-0149;1.0;2017.0;11.0;30.0;12.0;PASEO COLON AV.;;MEXICO;PASEO COLON AV. y MEXICO;1.0;-58.36947198;-34.61477051;PEATON;PASAJEROS
264;2017-0150;1.0;2017.0;12.0;4.0;1.0;RIVADAVIA AV.;;MIRALLA;RIVADAVIA AV. y MIRALLA;9.0;-58.51140889;-34.63934531;PEATON;AUTO
265;2017-0151;1.0;2017.0;12.0;4.0;2.0;VIEYTES;;LUJAN;VIEYTES y LUJAN;4.0;-58.37460912;-34.65559133;PEATON;PASAJEROS
266;2017-0152;1.0;2017.0;12.0;6.0;17.0;CACHI;;TRAFUL;CACHI y TRAFUL;4.0;-58.41146277;-34.65073916;BICICLETA;PASAJEROS
267;2017-0153;2.0;2017.0;12.0;11.0;2.0;ROSARIO;;LA PLATA AV.;ROSARIO y LA PLATA AV.;6.0;-58.42855267;-34.61829385;MOTO;PASAJEROS
268;2017-0154;1.0;2017.0;12.0;11.0;9.0;ENTRE RIOS AV.;;CASEROS AV.;ENTRE RIOS AV. y CASEROS AV.;4.0;-58.39035581;-34.63412287;PEATON;PASAJEROS
269;2017-0155;1.0;2017.0;12.0;12.0;21.0;RIVADAVIA AV.;6350.0;SD;RIVADAVIA AV. 6350;7.0;-58.45593915;-34.62656868;SD;MOTO
270;2017-0157;1.0;2017.0;12.0;17.0;9.0;PAZ, GRAL. AV.;;HUMAITA;PAZ, GRAL. AV. y HUMAITA;9.0;-58.52866211;-34.64597065;AUTO;PASAJEROS
271;2017-0158;1.0;2017.0;12.0;18.0;21.0;GUALEGUAYCHU;;PAZ, GRAL. AV.;GUALEGUAYCHU y PAZ, GRAL. AV.;11.0;-58.52037476;-34.59407024;MOTO;AUTO
272;2017-0159;1.0;2017.0;12.0;20.0;4.0;INDEPENDENCIA AV.;;CEVALLOS, VIRREY;INDEPENDENCIA AV. y CEVALLOS, VIRREY;1.0;-58.38896772;-34.61799615;MOTO;AUTO
273;2017-0160;1.0;2017.0;12.0;22.0;13.0;NAZCA AV.;365.0;SD;NAZCA AV. 365;7.0;-58.47074114;-34.62771756;PEATON;MOTO
274;2017-0161;1.0;2017.0;12.0;26.0;15.0;PERON, EVA AV.;5249.0;SD;PERON, EVA AV. 5249;9.0;-58.48200819;-34.65969965;PEATON;AUTO
275;2018-0001;1.0;2018.0;1.0;1.0;22.0;SAN JUAN AV.;;RINCON;SAN JUAN AV. y RINCON;3.0;-58.39536773;-34.62297346;PEATON;MOTO
276;2018-0002;1.0;2018.0;1.0;3.0;16.0;PERU;937.0;SD;PERU 937;1.0;-58.37456088;-34.61895467;BICICLETA;PASAJEROS
277;2018-0003;1.0;2018.0;1.0;5.0;10.0;PUEYRREDON, HONORIO, DR. AV.;;GALICIA;PUEYRREDON, HONORIO, DR. AV. y GALICIA;15.0;-58.44860217;-34.60395657;PEATON;MULTIPLE
278;2018-0004;1.0;2018.0;1.0;9.0;9.0;DEL LIBERTADOR AV.;;MANZANARES;DEL LIBERTADOR AV. y MANZANARES;13.0;-58.46129513;-34.54332766;MOTO;MULTIPLE
279;2018-0005;1.0;2018.0;1.0;9.0;22.0;PASEO COLON AV.;1019.0;SD;PASEO COLON AV. 1019;1.0;-58.36907201;-34.61953517;PEATON;PASAJEROS
280;2018-0006;1.0;2018.0;1.0;10.0;21.0;VALLE;;BARCO CENTENERA DEL;VALLE y BARCO CENTENERA DEL;6.0;-58.44062219;-34.62499107;BICICLETA;PASAJEROS
281;2018-0007;1.0;2018.0;1.0;11.0;2.0;AUTOPISTA PERITO MORENO;;SD;AUTOPISTA PERITO MORENO KM. 0.6;9.0;-58.52502765;-34.63601265;AUTO;AUTO
282;2018-0008;1.0;2018.0;1.0;12.0;17.0;HUERGO, ING. AV.;;INDEPENDENCIA AV.;HUERGO, ING. AV. e INDEPENDENCIA AV.;1.0;-58.36659655;-34.61687778;MOTO;CARGAS
283;2018-0009;1.0;2018.0;1.0;14.0;2.0;PILCOMAYO;;BROWN, ALTE. AV.;PILCOMAYO y BROWN, ALTE. AV.;4.0;-58.36737389;-34.62763661;MOTO;MOTO
284;2018-0010;1.0;2018.0;1.0;18.0;5.0;CERVANTES;;BELAUSTEGUI, LUIS, DR.;CERVANTES y BELAUSTEGUI, LUIS, DR.;10.0;-58.49807953;-34.63038658;MOTO;CARGAS
285;2018-0011;1.0;2018.0;1.0;19.0;10.0;CALLAO AV.;;LOPEZ, VICENTE;CALLAO AV. y LOPEZ, VICENTE;2.0;-58.39092703;-34.59088447;PEATON;PASAJEROS
286;2018-0012;1.0;2018.0;1.0;26.0;13.0;OLIDEN;;CHILAVERT, MARTINIANO, CORONEL;OLIDEN y CHILAVERT, MARTINIANO, CORONEL;8.0;-58.46912006;-34.68049201;MOTO;PASAJEROS
287;2018-0013;1.0;2018.0;1.0;28.0;8.0;CONGRESO AV.;;GALVAN;CONGRESO AV. y GALVAN;12.0;-58.48661286;-34.56786129;MOTO;AUTO
288;2018-0014;1.0;2018.0;1.0;31.0;20.0;MORENO, PERITO AV.;;RIVERA INDARTE AV.;MORENO, PERITO AV. y RIVERA INDARTE AV.;7.0;-58.44074927;-34.65080597;PEATON;MOTO
289;2018-0015;2.0;2018.0;2.0;6.0;1.0;AUSTRALIA AV.;2800.0;SD;AUSTRALIA AV. 2800;4.0;-58.38636298;-34.64684275;MOTO;PASAJEROS
290;2018-0016;1.0;2018.0;2.0;15.0;10.0;DEL LIBERTADOR AV.;;RAMOS MEJIA, JOSE MARIA, DR. AV.;DEL LIBERTADOR AV. y RAMOS MEJIA, JOSE MARIA, DR. AV.;1.0;-58.37533517;-34.59276462;MOTO;CARGAS
291;2018-0017;1.0;2018.0;2.0;17.0;4.0;SAN PEDRITO AV.;;RIVADAVIA AV.;SAN PEDRITO AV. y RIVADAVIA AV.;7.0;-58.46963952;-34.63070603;PEATON;AUTO
292;2018-0018;1.0;2018.0;2.0;17.0;7.0;ISABEL LA CATOLICA;;SALVADORES, CNEL.;ISABEL LA CATOLICA y SALVADORES, CNEL.;4.0;-58.37207554;-34.64543658;MOTO;CARGAS
293;2018-0019;1.0;2018.0;2.0;17.0;12.0;LAS HERAS GENERAL AV.;;CALLAO AV.;LAS HERAS GENERAL AV. y CALLAO AV.;2.0;-58.39189441;-34.59176378;PEATON;PASAJEROS
294;2018-0020;1.0;2018.0;2.0;19.0;22.0;AUTOPISTA PRESIDENTE HECTOR J. CAMPORA;;SD;FERNANDEZ DE LA CRUZ F., GRAL. AV. y AUTOPISTA PRESIDENTE HECTOR J. CAMPORA;8.0;-58.45012957;-34.66518343;MOTO;CARGAS
295;2018-0021;1.0;2018.0;2.0;22.0;10.0;ALCORTA, AMANCIO AV.;;ZAVALETA;ALCORTA, AMANCIO AV. y ZAVALETA;4.0;-58.40184094;-34.64546845;PEATON;PASAJEROS
296;2018-0022;1.0;2018.0;2.0;24.0;0.0;MONTES DE OCA, MANUEL AV.;;OLAVARRIA;MONTES DE OCA, MANUEL AV. y OLAVARRIA;4.0;-58.37441153;-34.63966783;MOTO;CARGAS
297;2018-0023;1.0;2018.0;2.0;24.0;6.0;BARCO CENTENERA DEL;;ROSARIO;BARCO CENTENERA DEL y ROSARIO;6.0;-58.44110156;-34.62082399;MOTO;AUTO
298;2018-0024;1.0;2018.0;2.0;28.0;23.0;ALVAREZ THOMAS AV.;;DONADO;ALVAREZ THOMAS AV. y DONADO;15.0;-58.47087351;-34.57827342;PEATON;CARGAS
299;2018-0025;1.0;2018.0;3.0;4.0;22.0;AVELLANEDA AV.;;BOYACA AV.;AVELLANEDA AV. y BOYACA AV.;7.0;-58.4596221;-34.6224514;PEATON;AUTO
300;2018-0026;2.0;2018.0;3.0;9.0;4.0;RABANAL, FRANCISCO, INTENDENTE AV.;;SAENZ AV.;RABANAL, FRANCISCO, INTENDENTE AV. y SAENZ AV.;4.0;-58.41657793;-34.65476216;MOVIL;CARGAS
301;2018-0027;1.0;2018.0;3.0;11.0;23.0;CASTRO;;RONDEAU;CASTRO y RONDEAU;5.0;-58.41911301;-34.63722107;PEATON;MOTO
302;2018-0028;1.0;2018.0;3.0;13.0;15.0;BILBAO, FRANCISCO AV.;;AZUL;BILBAO, FRANCISCO AV. y AZUL;9.0;-58.47120586;-34.64251042;PEATON;CARGAS
303;2018-0029;1.0;2018.0;3.0;15.0;18.0;NAZCA AV.;;GAONA AV.;NAZCA AV. y GAONA AV.;11.0;-58.47418944;-34.62049672;MOTO;AUTO
304;2018-0030;1.0;2018.0;3.0;20.0;1.0;PLAZA;;ALVAREZ THOMAS AV.;PLAZA y ALVAREZ THOMAS AV.;15.0;-58.46720441;-34.57905579;MOTO;MOTO
305;2018-0031;1.0;2018.0;3.0;28.0;10.0;GAONA AV.;;ARTIGAS, JOSE GERVASIO, GRAL.;GAONA AV. y ARTIGAS, JOSE GERVASIO, GRAL.;11.0;-58.46909362;-34.6177971;MOTO;CARGAS
306;2018-0032;1.0;2018.0;4.0;2.0;13.0;CABILDO AV.;;AGUILAR;CABILDO AV. y AGUILAR;13.0;-58.44704343;-34.5688864;PEATON;PASAJEROS
307;2018-0033;1.0;2018.0;4.0;7.0;7.0;CAMARONES;;LOPE DE VEGA AV.;CAMARONES y LOPE DE VEGA AV.;10.0;-58.50535541;-34.62902048;MOTO;CARGAS
308;2018-0034;1.0;2018.0;4.0;11.0;18.0;SANTA FE AV.;2320.0;SD;SANTA FE AV. 2320;2.0;-58.40021675;-34.59522198;PEATON;PASAJEROS
309;2018-0035;1.0;2018.0;4.0;12.0;16.0;RIVADAVIA AV.;6950.0;SD;RIVADAVIA AV. 6950;7.0;-58.46325991;-34.62919627;PEATON;PASAJEROS
310;2018-0036;1.0;2018.0;4.0;13.0;23.0;SAN MARTIN AV.;;ARGERICH;SAN MARTIN AV. y ARGERICH;15.0;-58.49471482;-34.59694755;MOTO;AUTO
311;2018-0037;1.0;2018.0;4.0;18.0;18.0;CORDOBA AV.;;URIBURU JOSE E., PRES.;CORDOBA AV. y URIBURU JOSE E., PRES.;2.0;-58.3987261;-34.59975962;PEATON;CARGAS
312;2018-0038;2.0;2018.0;4.0;20.0;17.0;RIVADAVIA AV.;1571.0;SD;RIVADAVIA AV. 1571;1.0;-58.38872177;-34.60885045;PEATON;AUTO
314;2018-0040;1.0;2018.0;4.0;27.0;11.0;FREIRE, RAMON, CAP. GRAL.;;OLAGUER Y FELIU, VIRREY;FREIRE, RAMON, CAP. GRAL. y OLAGUER Y FELIU, VIRREY;13.0;-58.45686132;-34.57305993;PEATON;CARGAS
315;2018-0041;1.0;2018.0;4.0;27.0;13.0;LA PLATA AV.;;FERNANDEZ DE LA CRUZ, F., GRAL. AV.;LA PLATA AV. y FERNANDEZ DE LA CRUZ, F., GRAL. AV.;4.0;-58.42281627;-34.64282424;PEATON;PASAJEROS
316;2018-0042;1.0;2018.0;4.0;27.0;18.0;BRANDSEN;;PERDRIEL;BRANDSEN y PERDRIEL;4.0;-58.38666024;-34.63953396;MOTO;CARGAS
317;2018-0043;1.0;2018.0;4.0;28.0;6.0;VILARDEBO, TEODORO;;ALVAREZ JONTE AV.;VILARDEBO, TEODORO y ALVAREZ JONTE AV.;11.0;-58.49122843;-34.61207587;MOTO;AUTO
318;2018-0044;1.0;2018.0;4.0;28.0;9.0;ALBERTI;;INDEPENDENCIA AV.;ALBERTI e INDEPENDENCIA AV.;3.0;-58.40098306;-34.61866627;PEATON;AUTO
319;2018-0045;1.0;2018.0;4.0;30.0;7.0;ALVAREZ THOMAS AV.;879.0;SD;ALVAREZ THOMAS AV. 879;13.0;-58.45448963;-34.5791692;AUTO;CARGAS
320;2018-0046;1.0;2018.0;5.0;2.0;3.0;PAZ, GRAL. AV.;;RIVADAVIA AV.;PAZ, GRAL. AV. y RIVADAVIA AV.;9.0;-58.52927982;-34.63931752;PEATON;AUTO
321;2018-0047;1.0;2018.0;5.0;8.0;19.0;CORRIENTES AV.;;DORREGO AV.;CORRIENTES AV. y DORREGO AV.;15.0;-58.44759966;-34.5917024;PEATON;PASAJEROS
322;2018-0048;1.0;2018.0;5.0;9.0;10.0;RIVADAVIA AV.;;PEDERNERA;RIVADAVIA AV. y PEDERNERA;7.0;-58.46411215;-34.62925068;PEATON;PASAJEROS
323;2018-0049;1.0;2018.0;5.0;11.0;19.0;QUESADA;2300.0;SD;QUESADA 2300;13.0;-58.4621322;-34.55395823;PEATON;AUTO
324;2018-0050;1.0;2018.0;5.0;14.0;18.0;CABILDO AV.;;JURAMENTO AV.;CABILDO AV. y JURAMENTO AV.;13.0;-58.45669422;-34.5620361;PEATON;PASAJEROS
325;2018-0051;1.0;2018.0;5.0;15.0;21.0;CALIFORNIA;;CARBONARI, FRANCISCO, CMTE.;CALIFORNIA y CARBONARI, FRANCISCO, CMTE.;4.0;-58.3597716;-34.64341878;PEATON;AUTO
326;2018-0052;1.0;2018.0;5.0;18.0;20.0;CARRIL, SALVADOR MARIA DEL AV.;;NAZCA;CARRIL, SALVADOR MARIA DEL AV. y NAZCA;15.0;-58.49820145;-34.59070093;PEATON;PASAJEROS
327;2018-0053;1.0;2018.0;5.0;20.0;2.0;SAN LUIS;;AGUERO;SAN LUIS y AGUERO;3.0;-58.4105928;-34.5993918;MOTO;AUTO
328;2018-0054;1.0;2018.0;5.0;22.0;11.0;LUGONES;2430.0;SD;LUGONES 2430;12.0;-58.47969138;-34.57121563;PEATON;BICICLETA
329;2018-0055;1.0;2018.0;5.0;29.0;7.0;INDEPENDENCIA AV.;;JUJUY AV.;INDEPENDENCIA AV. y JUJUY AV.;3.0;-58.40351561;-34.61883916;MOTO;AUTO
330;2018-0056;1.0;2018.0;6.0;2.0;13.0;RIVADAVIA AV.;11050.0;SD;RIVADAVIA AV. 11050;9.0;-58.51973844;-34.63918987;PEATON;PASAJEROS
331;2018-0057;1.0;2018.0;6.0;3.0;3.0;COMBATE DE LOS POZOS;;HUMBERTO 1?;COMBATE DE LOS POZOS y HUMBERTO 1Â°;3.0;-58.39311376;-34.62163006;MOTO;PASAJEROS
332;2018-0058;1.0;2018.0;6.0;3.0;6.0;CORDOBA AV.;;THAMES;CORDOBA AV. y THAMES;15.0;-58.43531242;-34.59082159;MOTO;AUTO
333;2018-0059;1.0;2018.0;6.0;8.0;6.0;GARAY, JUAN DE AV.;;SANCHEZ DE LORIA;GARAY, JUAN DE AV. y SANCHEZ DE LORIA;5.0;-58.41178165;-34.63035454;MOTO;OTRO
334;2018-0060;1.0;2018.0;6.0;8.0;12.0;LAVALLE;;ALEM, LEANDRO N. AV.;LAVALLE y ALEM, LEANDRO N. AV.;1.0;-58.370488;-34.60189492;PEATON;PASAJEROS
335;2018-0061;1.0;2018.0;6.0;10.0;11.0;ESTADOS UNIDOS;;PICHINCHA;ESTADOS UNIDOS y PICHINCHA;3.0;-58.39883882;-34.61964833;MOTO;MOTO
336;2018-0062;1.0;2018.0;6.0;14.0;1.0;ROSARIO;;BARCO CENTENERA DEL;ROSARIO y BARCO CENTENERA DEL;6.0;-58.44110156;-34.62082399;PEATON;CARGAS
337;2018-0063;1.0;2018.0;6.0;16.0;21.0;ALEM, LEANDRO N. AV.;;VIAMONTE;ALEM, LEANDRO N. AV. y VIAMONTE;1.0;-58.37093138;-34.59952725;PEATON;PASAJEROS
338;2018-0064;1.0;2018.0;6.0;25.0;1.0;VARELA AV.;;PRIMERA JUNTA;VARELA AV. y PRIMERA JUNTA;7.0;-58.45855262;-34.63953253;AUTO;CARGAS
339;2018-0065;1.0;2018.0;6.0;26.0;17.0;PELLEGRINI, CARLOS;;JUNCAL;PELLEGRINI, CARLOS y JUNCAL;1.0;-58.38161909;-34.59283447;MOTO;CARGAS
340;2018-0066;1.0;2018.0;6.0;28.0;11.0;CORRIENTES AV.;;LACROZE, FEDERICO AV.;CORRIENTES AV. y LACROZE, FEDERICO AV.;15.0;-58.45511899;-34.58698157;PEATON;PASAJEROS
341;2018-0067;1.0;2018.0;6.0;29.0;16.0;MONTES DE OCA, MANUEL AV.;;FINOCHIETTO ENRIQUE DR.;MONTES DE OCA, MANUEL AV. y FINOCHIETTO ENRIQUE DR.;4.0;-58.37724226;-34.62973033;PASAJEROS;AUTO
342;2018-0068;1.0;2018.0;7.0;1.0;9.0;CARABOBO AV.;;ALBERDI, JUAN BAUTISTA AV.;CARABOBO AV. y ALBERDI, JUAN BAUTISTA AV.;7.0;-58.45546217;-34.62930339;MOTO;AUTO
343;2018-0069;1.0;2018.0;7.0;4.0;21.0;CORDOBA AV.;2215.0;SD;CORDOBA AV. 2215;2.0;-58.39897064;-34.59954925;BICICLETA;PASAJEROS
344;2018-0070;1.0;2018.0;7.0;7.0;15.0;ESTADOS UNIDOS;;URQUIZA, GRAL.;ESTADOS UNIDOS y URQUIZA, GRAL.;3.0;-58.40917826;-34.62126274;MOTO;PASAJEROS
345;2018-0071;1.0;2018.0;7.0;10.0;17.0;MORENO;;HUERGO, ING. AV.;MORENO y HUERGO, ING. AV.;1.0;-58.36726348;-34.61099738;MOTO;CARGAS
346;2018-0072;1.0;2018.0;7.0;11.0;13.0;AUTOPISTA DELLEPIANE LUIS TTE. GRAL.;;SD;AUTOPISTA DELLEPIANE LUIS TTE. GRAL. y MONTIEL;8.0;-58.48267426;-34.68454456;MOTO;CARGAS
347;2018-0073;1.0;2018.0;7.0;11.0;15.0;IRIARTE, GRAL. AV.;3400.0;SD;IRIARTE, GRAL. AV. 3400;4.0;-58.39546165;-34.65168841;PEATON;CARGAS
348;2018-0074;1.0;2018.0;7.0;14.0;6.0;ALBERDI, JUAN BAUTISTA AV.;2968.0;SD;ALBERDI, JUAN BAUTISTA AV. 2968;7.0;-58.46941984;-34.63376545;AUTO;CARGAS
349;2018-0075;1.0;2018.0;7.0;15.0;7.0;DEL LIBERTADOR AV.;;ORTIZ DE OCAMPO;DEL LIBERTADOR AV. y ORTIZ DE OCAMPO;14.0;-58.40367321;-34.58129246;PEATON;AUTO
350;2018-0076;1.0;2018.0;7.0;16.0;9.0;CHAVEZ, JORGE;;PAZ, GRAL. AV.;CHAVEZ, JORGE y PAZ, GRAL. AV.;9.0;-58.52932872;-34.65014993;AUTO;CARGAS
351;2018-0077;1.0;2018.0;7.0;16.0;23.0;URQUIZA, GRAL.;;ESTADOS UNIDOS;URQUIZA, GRAL. y ESTADOS UNIDOS;3.0;-58.40917826;-34.62126274;AUTO;CARGAS
352;2018-0078;1.0;2018.0;7.0;21.0;6.0;PARAGUAY;;SANCHEZ DE BUSTAMANTE;PARAGUAY y SANCHEZ DE BUSTAMANTE;2.0;-58.41264127;-34.59473294;PEATON;AUTO
353;2018-0079;1.0;2018.0;7.0;23.0;7.0;DE LOS CORRALES AV.;;PAZ, GRAL. AV.;DE LOS CORRALES AV. y PAZ, GRAL. AV.;9.0;-58.50877521;-34.66977709;PEATON;CARGAS
354;2018-0080;1.0;2018.0;7.0;25.0;22.0;ALBERDI, JUAN BAUTISTA AV.;;CARHUE;ALBERDI, JUAN BAUTISTA AV. y CARHUE;9.0;-58.51232237;-34.6590353;PEATON;AUTO
355;2018-0081;1.0;2018.0;7.0;29.0;6.0;CASTANARES AV.;;RIVERA INDARTE AV.;CASTAÃ‘ARES AV. y RIVERA INDARTE AV.;7.0;-58.44744156;-34.64567171;PEATON;MULTIPLE
356;2018-0082;1.0;2018.0;8.0;1.0;15.0;LARRAZABAL;;GARZON, EUGENIO, GRAL. AV.;LARRAZABAL y GARZON, EUGENIO, GRAL. AV.;9.0;-58.49441273;-34.65869968;MOTO;CARGAS
357;2018-0083;1.0;2018.0;8.0;2.0;5.0;PAZ, GRAL. AV.;;FERNANDEZ DE LA CRUZ, F., GRAL. AV.;PAZ, GRAL. AV. y FERNANDEZ DE LA CRUZ, F., GRAL. AV.;8.0;-58.47976785;-34.69153196;MOTO;CARGAS
358;2018-0084;1.0;2018.0;8.0;3.0;7.0;MOREAU DE JUSTO, ALICIA AV.;;COCHABAMBA;MOREAU DE JUSTO, ALICIA AV. y COCHABAMBA;1.0;-58.36523349;-34.62260331;PEATON;CARGAS
359;2018-0085;2.0;2018.0;8.0;3.0;18.0;ENTRE RIOS AV.;;GARAY, JUAN DE AV.;ENTRE RIOS AV. y GARAY, JUAN DE AV.;3.0;-58.39118948;-34.62704273;MOTO;PASAJEROS
360;2018-0086;1.0;2018.0;8.0;10.0;21.0;DIRECTORIO AV.;;GUARDIA NACIONAL;DIRECTORIO AV. y GUARDIA NACIONAL;9.0;-58.49019551;-34.65015854;PEATON;PASAJEROS
361;2018-0087;1.0;2018.0;8.0;15.0;19.0;PAVON AV.;;COLOMBRES;PAVON AV. y COLOMBRES;5.0;-58.41644362;-34.63023775;PEATON;PASAJEROS
362;2018-0088;1.0;2018.0;8.0;17.0;16.0;PAZ, GRAL. AV.;;BALBIN, RICARDO, DR. AV.;PAZ, GRAL. AV. y BALBIN, RICARDO, DR. AV.;12.0;-58.5007381;-34.5497951;MOTO;CARGAS
363;2018-0089;1.0;2018.0;8.0;17.0;17.0;PICHINCHA AV.;;BRASIL;PICHINCHA AV. y BRASIL;4.0;-58.39626094;-34.63036565;PEATON;PASAJEROS
364;2018-0090;1.0;2018.0;8.0;18.0;10.0;27 DE FEBRERO AV.;;PERGAMINO;27 DE FEBRERO AV. y PERGAMINO;8.0;-58.43284809;-34.67051543;MOTO;AUTO
365;2018-0091;1.0;2018.0;8.0;19.0;18.0;AUTOPISTA PERITO MORENO;;BARRAGAN;AUTOPISTA PERITO MORENO y BARRAGAN;9.0;-58.52280139;-34.63659934;AUTO;AUTO
366;2018-0092;1.0;2018.0;8.0;20.0;8.0;CORDOBA AV.;;GASCON;CORDOBA AV. y GASCON;14.0;-58.4233693;-34.59774487;MOTO;AUTO
367;2018-0093;1.0;2018.0;8.0;20.0;8.0;15 DE NOVIEMBRE DE 1889;1513.0;SD;15 DE NOVIEMBRE DE 1889 1513;1.0;-58.38691681;-34.63105973;PEATON;PASAJEROS
368;2018-0094;1.0;2018.0;8.0;23.0;5.0;SALGUERO, JERONIMO;;BERUTI;SALGUERO, JERONIMO y BERUTI;14.0;-58.4116902;-34.5857988;MOTO;PASAJEROS
369;2018-0095;1.0;2018.0;8.0;26.0;0.0;LACARRA AV.;;DELLEPIANE, LUIS, TTE. GRAL.;LACARRA AV. y DELLEPIANE, LUIS, TTE. GRAL.;9.0;-58.46739825;-34.65117757;AUTO;AUTO
370;2018-0096;1.0;2018.0;8.0;31.0;22.0;AUTOPISTA PRESIDENTE H?CTOR J. C?MPORA;;ROCA, CNEL. AV.;AUTOPISTA PRESIDENTE HÃ‰CTOR J. CÃMPORA y ROCA, CNEL. AV.;8.0;-58.44483258;-34.67152226;PEATON;AUTO
371;2018-0097;1.0;2018.0;9.0;2.0;10.0;VARELA AV.;;RABANAL, FRANCISCO, INTENDENTE AV.;VARELA AV. y RABANAL, FRANCISCO, INTENDENTE AV.;8.0;-58.43254025;-34.66128115;AUTO;OTRO
372;2018-0098;2.0;2018.0;9.0;9.0;5.0;PAZ, GRAL. AV.;;BERON DE ASTRADA;PAZ, GRAL. AV. y BERON DE ASTRADA;8.0;-58.47199387;-34.69640164;AUTO;AUTO
373;2018-0099;1.0;2018.0;9.0;12.0;14.0;RIVADAVIA AV.;;PEDERNERA;RIVADAVIA AV. y PEDERNERA;7.0;-58.46411215;-34.62925068;PEATON;PASAJEROS
374;2018-0100;1.0;2018.0;9.0;20.0;10.0;RAWSON DE DELLEPIANE, ELVIRA AV.;150.0;SD;RAWSON DE DELLEPIANE, ELVIRA AV. 150;1.0;-58.36217754;-34.62367156;MOTO;AUTO
375;2018-0101;1.0;2018.0;9.0;21.0;0.0;PAZ, GRAL. AV.;;ZAPIOLA;PAZ, GRAL. AV. y ZAPIOLA;12.0;-58.48098594;-34.5407313;AUTO;MULTIPLE
376;2018-0102;1.0;2018.0;9.0;21.0;0.0;FAMATINA;;TABORDA, DIOGENES;FAMATINA y TABORDA, DIOGENES;4.0;-58.41083404;-34.64640709;MOTO;AUTO
377;2018-0103;1.0;2018.0;9.0;27.0;17.0;CASTA?ARES AV.;;BONORINO, ESTEBAN, CNEL. AV.;CASTAÃ‘ARES AV. y BONORINO, ESTEBAN, CNEL. AV.;7.0;-58.44609828;-34.64446729;PEATON;MOTO
378;2018-0104;1.0;2018.0;10.0;1.0;8.0;AUTOPISTA 1 SUR PRESIDENTE ARTURO FRONDIZI;;SUAREZ AV.;AUTOPISTA 1 SUR PRESIDENTE ARTURO FRONDIZI y SUAREZ AV.;4.0;-58.37709334;-34.64035082;MOTO;MOTO
379;2018-0105;1.0;2018.0;10.0;3.0;18.0;NAZCA AV.;;RIVADAVIA AV.;NAZCA AV. y RIVADAVIA AV.;7.0;-58.46963952;-34.63070603;PEATON;PASAJEROS
380;2018-0106;1.0;2018.0;10.0;4.0;22.0;FIGUEROA ALCORTA, PRES. AV.;;ECHEVERRIA;FIGUEROA ALCORTA, PRES. AV. y ECHEVERRIA;13.0;-58.43674281;-34.55161027;MOTO;MOTO
381;2018-0107;1.0;2018.0;10.0;6.0;14.0;RIVADAVIA AV.;;JUJUY AV.;RIVADAVIA AV. y JUJUY AV.;3.0;-58.4059686;-34.61011987;PEATON;PASAJEROS
382;2018-0108;1.0;2018.0;10.0;9.0;14.0;DE LOS ITALIANOS AV.;;GUEMES, MACACHA;DE LOS ITALIANOS AV. y GUEMES, MACACHA;1.0;-58.36154069;-34.60463618;MOTO;AUTO
383;2018-0109;1.0;2018.0;10.0;10.0;22.0;TUCUMAN;;ALEM, LEANDRO N. AV.;TUCUMAN y ALEM, LEANDRO N. AV.;1.0;-58.37062179;-34.60066507;PEATON;PASAJEROS
384;2018-0110;1.0;2018.0;10.0;13.0;3.0;CORRIENTES AV.;;GALLARDO, ANGEL AV.;CORRIENTES AV. y GALLARDO, ANGEL AV.;15.0;-58.43220014;-34.60207186;PEATON;MOTO
385;2018-0111;1.0;2018.0;10.0;19.0;12.0;AUTOPISTA PERITO MORENO;;SD;AUTOPISTA PERITO MORENO & PERON, EVA  AV.;9.0;-58.46958442;-34.64949724;MOTO;CARGAS
386;2018-0112;1.0;2018.0;10.0;24.0;9.0;MU?ECAS;;SERRANO;MUÃ‘ECAS y SERRANO;15.0;-58.44671397;-34.59970903;MOTO;CARGAS
387;2018-0113;1.0;2018.0;10.0;25.0;11.0;ARTIGAS, JOSE GERVASIO, GRAL.;;TRES ARROYOS;ARTIGAS, JOSE GERVASIO, GRAL. y TRES ARROYOS;11.0;-58.47152163;-34.61474911;MOTO;CARGAS
388;2018-0114;1.0;2018.0;10.0;30.0;2.0;SOLIS;;INDEPENDENCIA AV.;SOLIS e INDEPENDENCIA AV.;1.0;-58.39032921;-34.61807951;MOTO;AUTO
389;2018-0115;1.0;2018.0;10.0;31.0;12.0;BOSCH, VENTURA;;PAZ, GRAL. AV.;BOSCH, VENTURA y PAZ, GRAL. AV.;9.0;-58.52887773;-34.64297861;PEATON;PASAJEROS
390;2018-0116;1.0;2018.0;11.0;1.0;10.0;PAZ, GRAL. AV.;14800.0;SD;PAZ, GRAL. AV. 14800;8.0;-58.49371157;-34.67981324;PEATON;CARGAS
391;2018-0117;1.0;2018.0;11.0;4.0;8.0;PERON, EVA AV.;5321.0;SD;PERON, EVA AV. 5321;9.0;-58.48266599;-34.66012327;MOTO;MOTO
392;2018-0118;1.0;2018.0;11.0;5.0;14.0;PERON, JUAN DOMINGO, TTE. GENERAL;;PUEYRREDON AV.;PERON, JUAN DOMINGO, TTE. GENERAL y PUEYRREDON AV.;3.0;-58.40612253;-34.60774301;PEATON;MOTO
393;2018-0119;1.0;2018.0;11.0;5.0;22.0;RABANAL, FRANCISCO, INTENDENTE AV.;;SAN PEDRITO;RABANAL, FRANCISCO, INTENDENTE AV. y SAN PEDRITO;8.0;-58.43613623;-34.66292532;PEATON;SD
394;2018-0120;1.0;2018.0;11.0;9.0;13.0;MONROE;;ALVAREZ THOMAS AV.;MONROE y ALVAREZ THOMAS AV.;12.0;-58.48250732;-34.57208238;PEATON;AUTO
395;2018-0121;1.0;2018.0;11.0;9.0;16.0;RIVADAVIA AV.;;MANZONI;RIVADAVIA AV. y MANZONI;10.0;-58.49945705;-34.6374328;PEATON;PASAJEROS
396;2018-0122;1.0;2018.0;11.0;12.0;1.0;AUTOPISTA DELLEPIANE LUIS TTE. GRAL.;;LARRAZABAL;AUTOPISTA DELLEPIANE LUIS TTE. GRAL. y LARRAZABAL;8.0;-58.47743966;-34.67233407;AUTO;AUTO
397;2018-0123;1.0;2018.0;11.0;12.0;3.0;PAZ, GRAL. AV.;;PERON, EVA AV.;PAZ, GRAL. AV. y PERON, EVA AV.;9.0;-58.5025179;-34.67450313;AUTO;SD
398;2018-0124;1.0;2018.0;11.0;15.0;19.0;AUTOPISTA PERITO MORENO;;SD;AUTOPISTA PERITO MORENO y RESERVISTAS ARGENTINOS;9.0;-58.52144411;-34.63682499;CARGAS;CARGAS
399;2018-0125;1.0;2018.0;11.0;16.0;21.0;SAENZ AV.;;VENTANA;SAENZ AV. y VENTANA;4.0;-58.41650465;-34.65084045;PEATON;PASAJEROS
400;2018-0126;1.0;2018.0;11.0;18.0;12.0;PAZ, GRAL. AV.;;FALCON, RAMON L.,CNEL.;PAZ, GRAL. AV. y FALCON, RAMON L.,CNEL.;9.0;-58.52994219;-34.64055918;MOTO;AUTO
401;2018-0127;1.0;2018.0;11.0;19.0;9.0;PAZ, GRAL. AV.;;DE LOS CONSTITUYENTES AV.;PAZ, GRAL. AV. y DE LOS CONSTITUYENTES AV.;12.0;-58.50993046;-34.56919739;MOTO;MOTO
402;2018-0128;2.0;2018.0;11.0;25.0;4.0;PAZ, GRAL. AV.;11200.0;SD;PAZ, GRAL. AV. 11200;9.0;-58.52844623;-34.64592873;AUTO;PASAJEROS
403;2018-0129;1.0;2018.0;11.0;28.0;4.0;NEWBERY, JORGE AV.;;GUEVARA;NEWBERY, JORGE AV. y GUEVARA;15.0;-58.45021367;-34.58695347;MOTO;PASAJEROS
404;2018-0130;1.0;2018.0;12.0;3.0;3.0;GAONA AV.;;SEGUROLA AV.;GAONA AV. y SEGUROLA AV.;10.0;-58.49022072;-34.62770192;MOTO;PASAJEROS
405;2018-0131;1.0;2018.0;12.0;7.0;19.0;MADERO, EDUARDO AV.;550.0;SD;MADERO, EDUARDO AV. 550;1.0;-58.36860866;-34.60106568;MOTO;CARGAS
406;2018-0132;1.0;2018.0;12.0;12.0;8.0;AUTOPISTA ARTURO ILLIA;;CASTILLO, RAMON S., PRES. AV.;AUTOPISTA ARTURO ILLIA y CASTILLO, RAMON S., PRES. AV.;2.0;-58.39490504;-34.57241534;PEATON;CARGAS
407;2018-0133;1.0;2018.0;12.0;12.0;14.0;NAZCA AV.;;RIVADAVIA AV.;NAZCA AV. y RIVADAVIA AV.;7.0;-58.46963952;-34.63070603;PEATON;CARGAS
408;2018-0134;1.0;2018.0;12.0;12.0;21.0;LA PLATA AV.;;CASEROS AV.;LA PLATA AV. y CASEROS AV.;7.0;-58.42349365;-34.64019887;PEATON;MOTO
409;2018-0135;1.0;2018.0;12.0;18.0;14.0;BELGRANO AV.;;PERU;BELGRANO AV. y PERU;1.0;-58.37471802;-34.61265002;PEATON;PASAJEROS
410;2018-0136;1.0;2018.0;12.0;18.0;15.0;RIVADAVIA AV.;7013.0;SD;RIVADAVIA AV. 7013;7.0;-58.46438789;-34.62913916;PEATON;PASAJEROS
411;2018-0137;1.0;2018.0;12.0;18.0;20.0;ALSINA, ADOLFO;;SANTIAGO DEL ESTERO;ALSINA, ADOLFO y SANTIAGO DEL ESTERO;1.0;-58.38481975;-34.61100424;MOTO;PASAJEROS
412;2018-0138;1.0;2018.0;12.0;21.0;9.0;BERMUDEZ;1893.0;SD;BERMUDEZ 1893;10.0;-58.50751833;-34.62073702;PASAJEROS;PASAJEROS
413;2018-0139;1.0;2018.0;12.0;22.0;6.0;SANTANDER;1974.0;SD;SANTANDER 1974;7.0;-58.44682986;-34.63888084;MOTO;MOTO
414;2018-0140;1.0;2018.0;12.0;22.0;8.0;LANTERI JULIETA;1400.0;SD;LANTERI JULIETA 1400;1.0;-58.3600465;-34.61381341;AUTO;AUTO
415;2018-0141;1.0;2018.0;12.0;22.0;17.0;MAZA;;INDEPENDENCIA AV.;MAZA e INDEPENDENCIA AV.;5.0;-58.41509546;-34.62085945;PEATON;MOTO
416;2018-0142;1.0;2018.0;12.0;25.0;13.0;PAZ, GRAL. AV.;5172.0;SD;PAZ, GRAL. AV. 5172;12.0;-58.50997604;-34.57251072;CARGAS;PASAJEROS
417;2018-0143;1.0;2018.0;12.0;29.0;5.0;OLIVERA AV.;;ALBERDI, JUAN BAUTISTA AV.;OLIVERA AV. y ALBERDI, JUAN BAUTISTA AV.;10.0;-58.48606475;-34.64047818;MOTO;AUTO
418;2019-0001;1.0;2019.0;1.0;8.0;8.0;CASTILLO, RAMON S., PRES. AV.;;CALLE 12 (NO OFICIAL);CASTILLO, RAMON S., PRES. AV. y CALLE 12 (NO OFICIAL);2.0;-58.38526125;-34.5780581;MOTO;CARGAS
419;2019-0002;1.0;2019.0;1.0;9.0;4.0;CASTA?ARES AV.;;MORENO, PERITO AV.;CASTAÃ‘ARES AV. y MORENO, PERITO AV.;7.0;-58.45463662;-34.65082149;AUTO;CARGAS
420;2019-0003;1.0;2019.0;1.0;12.0;8.0;SAN MARTIN AV.;;TERRADA;SAN MARTIN AV. y TERRADA;15.0;-58.49121672;-34.59718073;MOTO;AUTO
421;2019-0004;1.0;2019.0;1.0;14.0;19.0;PERON, EVA AV.;;MEDINA;PERON, EVA AV. y MEDINA;9.0;-58.47325712;-34.65284605;AUTO;PASAJEROS
422;2019-0005;1.0;2019.0;1.0;19.0;12.0;JUSTO, JUAN B. AV.;;ALVAREZ JONTE AV.;JUSTO, JUAN B. AV. y ALVAREZ JONTE AV.;10.0;-58.52108101;-34.63382309;MOTO;CARGAS
423;2019-0006;1.0;2019.0;1.0;23.0;5.0;OBLIGADO RAFAEL, AV.COSTANERA;4650.0;SD;OBLIGADO RAFAEL, AV.COSTANERA 4650;14.0;-58.41652702;-34.55509606;PEATON;AUTO
424;2019-0007;1.0;2019.0;1.0;26.0;19.0;MITRE, BARTOLOME;;YATAY;MITRE, BARTOLOME y YATAY;5.0;-58.42891604;-34.6107166;MOTO;AUTO
425;2019-0008;1.0;2019.0;1.0;30.0;22.0;PAZ, GRAL. AV.;16080.0;SD;PAZ, GRAL. AV. 16080;8.0;-58.47802293;-34.69156793;MOTO;MULTIPLE
426;2019-0009;1.0;2019.0;1.0;31.0;14.0;CHACABUCO;;SAN JUAN AV.;CHACABUCO y SAN JUAN AV.;1.0;-58.37564821;-34.62200207;MOTO;AUTO
427;2019-0010;2.0;2019.0;2.0;2.0;7.0;DEL LIBERTADOR AV.;4100.0;SD;DEL LIBERTADOR AV. 4100;14.0;-58.42668489;-34.56961468;PEATON;AUTO
428;2019-0011;1.0;2019.0;2.0;10.0;1.0;PAZ, GRAL. AV.;;ALBERDI, JUAN BAUTISTA AV.;PAZ, GRAL. AV. y ALBERDI, JUAN BAUTISTA AV.;9.0;-58.5183993;-34.66252488;PEATON;AUTO
429;2019-0012;1.0;2019.0;2.0;17.0;3.0;CASTA?ARES AV.;;GORDILLO, TIMOTEO;CASTAÃ‘ARES AV. y GORDILLO, TIMOTEO;8.0;-58.48432691;-34.67665828;MOTO;AUTO
430;2019-0013;1.0;2019.0;2.0;20.0;7.0;SALVIGNY;;MOM;SALVIGNY y MOM;7.0;-58.4338383;-34.64457699;PEATON;AUTO
431;2019-0014;1.0;2019.0;2.0;20.0;17.0;LAMARCA, EMILIO;5402.0;SD;LAMARCA, EMILIO 5402;11.0;-58.51664939;-34.58657938;MOTO;OBJETO FIJO
432;2019-0015;1.0;2019.0;2.0;23.0;6.0;SAN MARTIN AV.;5638.0;SD;SAN MARTIN AV. 5638;11.0;-58.49613012;-34.59703502;AUTO;OBJETO FIJO
433;2019-0016;1.0;2019.0;2.0;24.0;2.0;CARRILLO, RAMON, DR.;;FINOCHIETTO ENRIQUE DR.;CARRILLO, RAMON, DR. y FINOCHIETTO ENRIQUE DR.;4.0;-58.38313603;-34.63356284;MOTO;PASAJEROS
434;2019-0017;1.0;2019.0;3.0;3.0;7.0;MEXICO;;PICHINCHA;MEXICO y PICHINCHA;3.0;-58.39914719;-34.61632317;AUTO;PASAJEROS
435;2019-0018;1.0;2019.0;3.0;3.0;23.0;CANTILO, INT.;;UDAONDO, GUILLERMO AV.;CANTILO, INT. y UDAONDO, GUILLERMO AV.;13.0;-58.44927253;-34.54048625;PEATON;AUTO
436;2019-0019;1.0;2019.0;3.0;6.0;12.0;DEL LIBERTADOR AV.;6326.0;SD;DEL LIBERTADOR AV. 6326;13.0;-58.45049163;-34.55374003;MOTO;AUTO
437;2019-0020;1.0;2019.0;3.0;7.0;21.0;CHICLANA AV.;3444.0;SD;CHICLANA AV. 3444;5.0;-58.41288952;-34.63572989;MOTO;AUTO
438;2019-0021;1.0;2019.0;3.0;15.0;22.0;BOYACA AV.;;YERBAL;BOYACA AV. y YERBAL;7.0;-58.45743597;-34.62561234;MOTO;AUTO
439;2019-0022;1.0;2019.0;3.0;15.0;0.0;ENTRE RIOS AV.;1260.0;SD;ENTRE RIOS AV. 1260;1.0;-58.39123782;-34.62352245;AUTO;SD
440;2019-0023;1.0;2019.0;3.0;16.0;8.0;PAZ, GRAL. AV.;;JACQUES, AMADEO;PAZ, GRAL. AV. y JACQUES, AMADEO;9.0;-58.52922765;-34.63637963;AUTO;OBJETO FIJO
441;2019-0024;1.0;2019.0;3.0;19.0;7.0;ANTARTIDA ARGENTINA AV.;1325.0;SD;ANTARTIDA ARGENTINA AV. 1325;1.0;-58.37208118;-34.58541957;MOTO;CARGAS
442;2019-0025;1.0;2019.0;3.0;22.0;13.0;MITRE, BARTOLOME;;SANCHEZ DE BUSTAMANTE;MITRE, BARTOLOME y SANCHEZ DE BUSTAMANTE;5.0;-58.41458534;-34.60937557;PEATON;AUTO
443;2019-0026;1.0;2019.0;3.0;28.0;7.0;FERNANDEZ DE LA CRUZ, F., GRAL. AV.;;PAZ, GRAL. AV.;FERNANDEZ DE LA CRUZ, F., GRAL. AV. y PAZ, GRAL. AV.;8.0;-58.47976785;-34.69153196;PEATON;PASAJEROS
444;2019-0027;1.0;2019.0;3.0;28.0;11.0;SANTA FE AV.;;AZCUENAGA;SANTA FE AV. y AZCUENAGA;2.0;-58.39990285;-34.59511714;BICICLETA;MULTIPLE
445;2019-0028;1.0;2019.0;4.0;6.0;9.0;JUSTO, JUAN B. AV.;;ORO?O, NICASIO;JUSTO, JUAN B. AV. y OROÃ‘O, NICASIO;11.0;-58.46051346;-34.60588536;PEATON;PASAJEROS
446;2019-0029;1.0;2019.0;4.0;7.0;10.0;FERNANDEZ DE LA CRUZ, F., GRAL. AV.;;PAZ, GRAL. AV.;FERNANDEZ DE LA CRUZ, F., GRAL. AV. y PAZ, GRAL. AV.;8.0;-58.47976785;-34.69153196;MOTO;OBJETO FIJO
447;2019-0030;1.0;2019.0;4.0;9.0;16.0;ALVAREZ, DONATO, TTE. GRAL.;;YERBAL;ALVAREZ, DONATO, TTE. GRAL. y YERBAL;7.0;-58.45457546;-34.62447891;MOTO;CARGAS
448;2019-0031;1.0;2019.0;4.0;12.0;19.0;CORDOBA AV.;;MADERO, EDUARDO AV.;CORDOBA AV. y MADERO, EDUARDO AV.;1.0;-58.36951669;-34.59832047;BICICLETA;CARGAS
449;2019-0032;1.0;2019.0;4.0;16.0;11.0;CAMARONES;;ALVAREZ, DONATO, TTE. GRAL. AV.;CAMARONES y ALVAREZ, DONATO, TTE. GRAL. AV.;11.0;-58.46415322;-34.6044379;PEATON;AUTO
450;2019-0033;1.0;2019.0;4.0;18.0;1.0;AUTOPISTA 25 DE MAYO;;HUERGO, ING. AV.;AUTOPISTA 25 DE MAYO y HUERGO, ING. AV.;1.0;-58.36607137;-34.62150748;MOTO;SD
451;2019-0034;1.0;2019.0;4.0;21.0;9.0;MORENO, PERITO AV.;3050.0;SD;MORENO, PERITO AV. 3050;7.0;-58.45537373;-34.65093074;MOTO;OBJETO FIJO
452;2019-0035;1.0;2019.0;4.0;23.0;14.0;SUIPACHA;665.0;SD;SUIPACHA 665;1.0;-58.37942637;-34.60053054;PEATON;BICICLETA
453;2019-0036;1.0;2019.0;4.0;26.0;22.0;RIGLOS;;FORMOSA;RIGLOS y FORMOSA;6.0;-58.4368044;-34.62147504;MOTO;AUTO
454;2019-0037;1.0;2019.0;5.0;1.0;23.0;LA RIOJA;;INDEPENDENCIA AV.;LA RIOJA e INDEPENDENCIA AV.;3.0;-58.40778291;-34.61971907;MOTO;AUTO
455;2019-0038;1.0;2019.0;5.0;4.0;14.0;UDAONDO, GUILLERMO AV.;;FIGUEROA ALCORTA, PRES. AV.;UDAONDO, GUILLERMO AV. y FIGUEROA ALCORTA, PRES. AV.;13.0;-58.45212523;-34.54628513;PEATON;MOTO
456;2019-0039;1.0;2019.0;5.0;9.0;3.0;SAN PEDRITO AV.;;DIRECTORIO AV.;SAN PEDRITO AV. y DIRECTORIO AV.;7.0;-58.46749188;-34.63551751;MOTO;AUTO
457;2019-0040;1.0;2019.0;5.0;9.0;12.0;PUAN;;SANTANDER;PUAN y SANTANDER;7.0;-58.4426358;-34.63679732;MOTO;SD
458;2019-0041;1.0;2019.0;5.0;11.0;20.0;ALBERDI, JUAN BAUTISTA AV.;;ANDALGALA;ALBERDI, JUAN BAUTISTA AV. y ANDALGALA;9.0;-58.51140289;-34.65846419;AUTO;MULTIPLE
459;2019-0042;1.0;2019.0;5.0;14.0;15.0;LIMA;;CONSTITUCION;LIMA y CONSTITUCION;1.0;-58.38211431;-34.62465368;PEATON;PASAJEROS
460;2019-0043;1.0;2019.0;5.0;21.0;9.0;CORDOBA AV.;;MADERO, EDUARDO AV.;CORDOBA AV. y MADERO, EDUARDO AV.;1.0;-58.36951669;-34.59832047;BICICLETA;CARGAS
461;2019-0044;1.0;2019.0;5.0;27.0;12.0;BOEDO AV.;650.0;SD;BOEDO AV. 650;5.0;-58.41635217;-34.62036547;PEATON;MOTO
462;2019-0045;1.0;2019.0;6.0;3.0;7.0;DEL LIBERTADOR AV.;;REPUBLICA DE LA INDIA;DEL LIBERTADOR AV. y REPUBLICA DE LA INDIA;14.0;-58.41316147;-34.57579669;MOTO;CARGAS
463;2019-0046;1.0;2019.0;6.0;4.0;9.0;PAZ, GRAL. AV.;;CABILDO AV.;PAZ, GRAL. AV. y CABILDO AV.;13.0;-58.47617802;-34.53825652;MOTO;AUTO
464;2019-0047;1.0;2019.0;6.0;6.0;10.0;CASEROS AV.;1700.0;SD;CASEROS AV. 1700;4.0;-58.38641783;-34.63330028;PEATON;CARGAS
465;2019-0048;1.0;2019.0;6.0;7.0;7.0;AVELLANEDA AV.;1548.0;SD;AVELLANEDA AV. 1548;6.0;-58.45322169;-34.62038137;MOTO;CARGAS
466;2019-0049;1.0;2019.0;6.0;8.0;9.0;CIUDAD DE LA PAZ;;MENDOZA;CIUDAD DE LA PAZ y MENDOZA;13.0;-58.45849057;-34.56166498;PEATON;CARGAS
467;2019-0050;1.0;2019.0;6.0;8.0;23.0;SALGUERO, JERONIMO;;HONDURAS AV.;SALGUERO, JERONIMO y HONDURAS AV.;14.0;-58.41829559;-34.59411677;MOTO;CARGAS
468;2019-0051;1.0;2019.0;6.0;11.0;10.0;FILIBERTO, JUAN DE DIOS;;OLAVARRIA;FILIBERTO, JUAN DE DIOS y OLAVARRIA;4.0;-58.36376488;-34.63832093;MOTO;AUTO
469;2019-0053;1.0;2019.0;6.0;14.0;17.0;ASTURIAS AV.;;CASTA?ARES AV.;ASTURIAS AV. y CASTAÃ‘ARES AV.;8.0;-58.46442668;-34.66004784;AUTO;AUTO
470;2019-0054;1.0;2019.0;6.0;20.0;3.0;GANDARA;2976.0;SD;GANDARA 2976;15.0;-58.48222035;-34.58428769;MOTO;OBJETO FIJO
471;2019-0055;1.0;2019.0;6.0;20.0;19.0;GUEVARA, TRINIDAD;;MADERO, EDUARDO AV.;GUEVARA, TRINIDAD y MADERO, EDUARDO AV.;1.0;-58.36819005;-34.60283208;MOTO;PASAJEROS
472;2019-0056;1.0;2019.0;6.0;29.0;17.0;BOYACA AV.;305.0;SD;BOYACA AV. 305;7.0;-58.45877601;-34.62330939;PEATON;AUTO
473;2019-0057;1.0;2019.0;7.0;5.0;19.0;ARTILLEROS;;LA PAMPA;ARTILLEROS y LA PAMPA;13.0;-58.44196498;-34.55760517;PEATON;AUTO
474;2019-0058;1.0;2019.0;7.0;10.0;9.0;AUTOPISTA PERITO MORENO;;SD;AUTOPISTA PERITO MORENO e IRIGOYEN;10.0;-58.50622631;-34.63627822;MOTO;PASAJEROS
475;2019-0059;1.0;2019.0;7.0;13.0;22.0;15 DE NOVIEMBRE DE 1889;;SANTIAGO DEL ESTERO;15 DE NOVIEMBRE DE 1889 y SANTIAGO DEL ESTERO;1.0;-58.3841088;-34.63099197;MOTO;PASAJEROS
476;2019-0060;1.0;2019.0;7.0;17.0;11.0;ACOSTA, MARIANO AV.;;FALCON, RAMON L.,CNEL.;ACOSTA, MARIANO AV. y FALCON, RAMON L.,CNEL.;10.0;-58.48100602;-34.63504312;PEATON;AUTO
477;2019-0061;1.0;2019.0;7.0;17.0;18.0;11 DE SEPTIEMBRE DE 1888;;MENDOZA;11 DE SEPTIEMBRE DE 1888 y MENDOZA;13.0;-58.45200171;-34.5578132;PEATON;PASAJEROS
478;2019-0062;1.0;2019.0;8.0;1.0;23.0;PINO, VIRREY DEL;;CAMPOS, LUIS M. AV.;PINO, VIRREY DEL y CAMPOS, LUIS M. AV.;13.0;-58.44462132;-34.56201105;PEATON;PASAJEROS
479;2019-0063;1.0;2019.0;8.0;4.0;1.0;FOREST AV.;;MAURE;FOREST AV. y MAURE;15.0;-58.45220688;-34.58711712;MOTO;PASAJEROS
480;2019-0064;1.0;2019.0;8.0;6.0;3.0;BOYACA AV.;;AVELLANEDA AV.;BOYACA AV. y AVELLANEDA AV.;7.0;-58.4596221;-34.6224514;MOTO;AUTO
481;2019-0065;1.0;2019.0;8.0;8.0;16.0;BARCO CENTENERA DEL;;TILCARA;BARCO CENTENERA DEL y TILCARA;4.0;-58.4197085;-34.65414867;PEATON;PASAJEROS
482;2019-0066;1.0;2019.0;8.0;11.0;21.0;RIESTRA AV.;;BOLIVAR (NO OFICIAL);RIESTRA AV. y BOLIVAR (NO OFICIAL);7.0;-58.44187596;-34.64938031;PEATON;AUTO
483;2019-0067;1.0;2019.0;8.0;14.0;15.0;CASTRO, EMILIO;4706.0;SD;CASTRO, EMILIO 4706;10.0;-58.49101637;-34.64276621;MOTO;CARGAS
484;2019-0068;1.0;2019.0;8.0;14.0;17.0;27 DE FEBRERO AV.;5600.0;SD;27 DE FEBRERO AV. 5600;8.0;-58.42493829;-34.66256502;MOTO;MOTO
485;2019-0069;1.0;2019.0;8.0;17.0;5.0;GARAY, JUAN DE AV.;2874.0;SD;GARAY, JUAN DE AV. 2874;4.0;-58.40489318;-34.62930162;MOTO;AUTO
486;2019-0070;1.0;2019.0;8.0;22.0;12.0;SCALABRINI ORTIZ, RAUL AV.;;GORRITI;SCALABRINI ORTIZ, RAUL AV. y GORRITI;14.0;-58.4268668;-34.59217875;MOTO;BICICLETA
487;2019-0071;1.0;2019.0;8.0;27.0;11.0;PRIMERA JUNTA;;OLIVERA AV.;PRIMERA JUNTA y OLIVERA AV.;9.0;-58.479611;-34.65620398;PEATON;CARGAS
488;2019-0072;1.0;2019.0;8.0;28.0;6.0;ALBERDI, JUAN BAUTISTA AV.;;AZUL;ALBERDI, JUAN BAUTISTA AV. y AZUL;10.0;-58.47439934;-34.63524207;AUTO;AUTO
489;2019-0073;1.0;2019.0;8.0;29.0;1.0;ALVAREZ THOMAS AV.;1788.0;SD;ALVAREZ THOMAS AV. 1788;15.0;-58.46711912;-34.57926018;AUTO;OBJETO FIJO
490;2019-0074;1.0;2019.0;8.0;29.0;9.0;LUGONES, LEOPOLDO AV.;;PAZ, GRAL. AV.;LUGONES, LEOPOLDO AV. y PAZ, GRAL. AV.;13.0;-58.46514781;-34.53465378;MOTO;CARGAS
491;2019-0075;1.0;2019.0;8.0;30.0;23.0;SAN ANTONIO;;LUJAN;SAN ANTONIO y LUJAN;4.0;-58.37571078;-34.65584079;MOTO;PASAJEROS
492;2019-0076;1.0;2019.0;9.0;5.0;18.0;AUTOPISTA 1 SUR PRESIDENTE ARTURO FRONDIZI;;SD;AUTOPISTA 1 SUR PRESIDENTE ARTURO FRONDIZI y DON PEDRO DE MENDOZA AV.;4.0;-58.37157668;-34.65429986;MOTO;CARGAS
493;2019-0077;1.0;2019.0;9.0;8.0;3.0;FIGUEROA ALCORTA, PRES. AV.;;TAGLE;FIGUEROA ALCORTA, PRES. AV. y TAGLE;14.0;-58.39811256;-34.58070186;PEATON;AUTO
494;2019-0078;1.0;2019.0;9.0;12.0;8.0;EINSTEIN, ALBERTO;;ALCORTA, AMANCIO AV.;EINSTEIN, ALBERTO y ALCORTA, AMANCIO AV.;4.0;-58.41125934;-34.6541774;PEATON;CARGAS
495;2019-0079;1.0;2019.0;9.0;17.0;5.0;AGRELO;;COLOMBRES;AGRELO y COLOMBRES;5.0;-58.41822901;-34.61866836;MOTO;PASAJEROS
496;2019-0080;1.0;2019.0;9.0;17.0;18.0;CABILDO AV.;;PAZ, GRAL. AV.;CABILDO AV. y PAZ, GRAL. AV.;13.0;-58.47617802;-34.53825652;PEATON;MOTO
497;2019-0081;1.0;2019.0;9.0;23.0;16.0;ELCANO AV.;4300.0;SD;ELCANO AV. 4300;15.0;-58.46141281;-34.58623761;PEATON;PASAJEROS
498;2019-0082;1.0;2019.0;9.0;25.0;7.0;RABANAL, FRANCISCO, INTENDENTE AV.;2428.0;SD;RABANAL, FRANCISCO, INTENDENTE AV. 2428;8.0;-58.42985146;-34.6611974;BICICLETA;CARGAS
499;2019-0083;1.0;2019.0;9.0;26.0;8.0;MONTE;;CORVALAN;MONTE y CORVALAN;9.0;-58.48457413;-34.6583909;AUTO;AUTO
500;2019-0084;1.0;2019.0;9.0;27.0;11.0;TANDIL;;LAFUENTE;TANDIL y LAFUENTE;7.0;-58.46572884;-34.63628186;BICICLETA;CARGAS
501;2019-0085;1.0;2019.0;10.0;9.0;22.0;CARDOSO;;BACACAY;CARDOSO y BACACAY;10.0;-58.49261744;-34.6341913;BICICLETA;TREN
502;2019-0086;1.0;2019.0;10.0;15.0;14.0;CORRIENTES AV.;6700.0;SD;CORRIENTES AV. 6700;15.0;-58.45283186;-34.5884156;MOTO;PASAJEROS
503;2019-0087;1.0;2019.0;10.0;21.0;21.0;ALVAREZ THOMAS AV.;;MENDOZA;ALVAREZ THOMAS AV. y MENDOZA;12.0;-58.47973681;-34.57418656;MOTO;MOTO
504;2019-0088;1.0;2019.0;10.0;22.0;20.0;ALCORTA, AMANCIO AV.;;BONAVENA, OSCAR NATALIO;ALCORTA, AMANCIO AV. y BONAVENA, OSCAR NATALIO;4.0;-58.40623949;-34.65076549;PEATON;PASAJEROS
505;2019-0089;1.0;2019.0;10.0;23.0;15.0;BROWN, ALTE. AV.;;BLANES, JUAN MANUEL;BROWN, ALTE. AV. y BLANES, JUAN MANUEL;4.0;-58.36244648;-34.63107887;PEATON;CARGAS
506;2019-0090;1.0;2019.0;10.0;24.0;18.0;ALBERDI, JUAN BAUTISTA AV.;5455.0;SD;ALBERDI, JUAN BAUTISTA AV. 5455;9.0;-58.49962423;-34.64868027;PEATON;MOTO
507;2019-0091;1.0;2019.0;11.0;1.0;20.0;JUSTO, JUAN B. AV.;;CAMARGO;JUSTO, JUAN B. AV. y CAMARGO;15.0;-58.44551437;-34.59559816;PEATON;PASAJEROS
508;2019-0092;1.0;2019.0;11.0;3.0;10.0;BRIN, MINISTRO;;SUAREZ;BRIN, MINISTRO y SUAREZ;4.0;-58.35608181;-34.63420319;PEATON;PASAJEROS
509;2019-0093;1.0;2019.0;11.0;13.0;11.0;NIZA;;JUSTO, JUAN B. AV.;NIZA y JUSTO, JUAN B. AV.;11.0;-58.46483679;-34.60907662;BICICLETA;OTRO
510;2019-0094;1.0;2019.0;11.0;18.0;14.0;CAMARGO;;SERRANO;CAMARGO y SERRANO;15.0;-58.44368628;-34.59724326;MOTO;OTRO
511;2019-0095;1.0;2019.0;11.0;20.0;15.0;AUTOPISTA 1 SUR PRESIDENTE ARTURO FRONDIZI;;SD;AUTOPISTA 1 SUR PRESIDENTE ARTURO FRONDIZI y CASEROS AV.;1.0;-58.37864583;-34.62907067;MOTO;CARGAS
512;2019-0096;1.0;2019.0;11.0;22.0;19.0;CASEROS AV.;;PIEDRAS;CASEROS AV. y PIEDRAS;1.0;-58.37560352;-34.62726382;PEATON;PASAJEROS
513;2019-0097;1.0;2019.0;11.0;25.0;8.0;AUTOPISTA PERITO MORENO;;SD;AUTOPISTA PERITO MORENO KM. 5.6;9.0;-58.47721439;-34.64815069;MOTO;MULTIPLE
514;2019-0098;1.0;2019.0;11.0;25.0;14.0;GUZMAN;365.0;SD;GUZMAN 365;15.0;-58.45134029;-34.58984288;PASAJEROS;PASAJEROS
515;2019-0100;1.0;2019.0;12.0;5.0;17.0;DE LOS CONSTITUYENTES AV.;4300.0;SD;DE LOS CONSTITUYENTES AV. 4300;12.0;-58.49040794;-34.58368803;MOTO;AUTO
516;2019-0101;1.0;2019.0;12.0;17.0;4.0;MORENO, PERITO AV.;;TILCARA AV.;MORENO, PERITO AV. y TILCARA AV.;4.0;-58.42102679;-34.64991178;MOTO;MOTO
517;2019-0102;1.0;2019.0;12.0;17.0;14.0;IBARROLA;;GORDILLO, TIMOTEO;IBARROLA y GORDILLO, TIMOTEO;9.0;-58.52219407;-34.64143926;MOTO;AUTO
518;2019-0103;1.0;2019.0;12.0;18.0;;PAZ, GRAL. AV.;;GRIVEO;PAZ, GRAL. AV. y GRIVEO;11.0;-58.52169422;-34.5947164;MOTO;MOTO
519;2019-0104;1.0;2019.0;12.0;21.0;4.0;RIVADAVIA AV.;;PERGAMINO;RIVADAVIA AV. y PERGAMINO;10.0;-58.47460416;-34.63206174;MOTO;AUTO
520;2019-0105;1.0;2019.0;5.0;5.0;11.0;SANTO TOME;;SEGUROLA AV.;SANTO TOME y SEGUROLA AV.;10.0;-58.50512382;-34.61520391;PEATON;AUTO
521;2020-0001;1.0;2020.0;1.0;4.0;10.0;URIARTE;;LOYOLA;URIARTE y LOYOLA;15.0;-58.43910409;-34.59213355;PEATON;AUTO
522;2020-0002;1.0;2020.0;1.0;5.0;20.0;SARAZA;;VARELA AV.;SARAZA y VARELA AV.;7.0;-58.45019436;-34.64646409;MOTO;OBJETO FIJO
523;2020-0003;1.0;2020.0;1.0;11.0;6.0;RIVADAVIA AV.;;COMBATE DE LOS POZOS;RIVADAVIA AV. y COMBATE DE LOS POZOS;3.0;-58.39337644;-34.60927582;PEATON;AUTO
524;2020-0004;1.0;2020.0;1.0;14.0;21.0;RODRIGUEZ PE?A;;RIVADAVIA AV.;RODRIGUEZ PEÃ‘A y RIVADAVIA AV.;1.0;-58.39055614;-34.60919284;PEATON;PASAJEROS
525;2020-0005;1.0;2020.0;1.0;14.0;6.0;24 DE NOVIEMBRE;;SAN JUAN AV.;24 DE NOVIEMBRE y SAN JUAN AV.;3.0;-58.41036975;-34.62477021;MOTO;PASAJEROS
526;2020-0006;1.0;2020.0;1.0;20.0;12.0;LAFUENTE AV.;2250.0;SD;LAFUENTE AV. 2250;8.0;-58.44925765;-34.65412546;MOTO;CARGAS
527;2020-0007;1.0;2020.0;1.0;27.0;0.0;CHILE;;LIMA;CHILE y LIMA;1.0;-58.3815685;-34.61648696;PEATON;MOTO
528;2020-0008;1.0;2020.0;1.0;30.0;7.0;CORDOBA AV.;;JAURES, JEAN;CORDOBA AV. y JAURES, JEAN;2.0;-58.40662899;-34.59804521;MOTO;CARGAS
529;2020-0009;1.0;2020.0;2.0;4.0;14.0;PERON, JUAN DOMINGO, TTE. GENERAL;;SALGUERO, JERONIMO;PERON, JUAN DOMINGO, TTE. GENERAL y SALGUERO, JERONIMO;5.0;-58.41985649;-34.6060085;PEATON;AUTO
530;2020-0010;1.0;2020.0;2.0;8.0;5.0;9 DE JULIO AV.;;SAN JUAN AV.;9 DE JULIO AV. y SAN JUAN AV.;1.0;-58.38099833;-34.62214953;MOTO;OBJETO FIJO
531;2020-0011;1.0;2020.0;2.0;12.0;11.0;COLOMBRES;466.0;SD;COLOMBRES 466;5.0;-58.41803309;-34.61823178;MOTO;CARGAS
532;2020-0012;1.0;2020.0;2.0;18.0;21.0;MEXICO;2860.0;SD;MEXICO 2860;3.0;-58.40604003;-34.61783553;PEATON;MOTO
533;2020-0013;1.0;2020.0;2.0;20.0;12.0;COMBATIENTES DE MALVINAS AV.;;TRIUNVIRATO AV.;COMBATIENTES DE MALVINAS AV. y TRIUNVIRATO AV.;15.0;-58.47549929;-34.57994061;PEATON;MOTO
534;2020-0014;1.0;2020.0;2.0;27.0;2.0;BERMUDEZ;;NOGOYA;BERMUDEZ y NOGOYA;11.0;-58.51398484;-34.61600366;MOTO;PASAJEROS
535;2020-0015;1.0;2020.0;2.0;28.0;14.0;BRASIL AV.;;PASEO COLON AV.;BRASIL AV. y PASEO COLON AV.;1.0;-58.36797542;-34.62519403;MOTO;PASAJEROS
536;2020-0016;1.0;2020.0;2.0;29.0;13.0;ALEM, LEANDRO N. AV.;770.0;SD;ALEM, LEANDRO N. AV. 770;1.0;-58.37133616;-34.59879316;PEATON;PASAJEROS
537;2020-0017;1.0;2020.0;3.0;5.0;23.0;BELGRANO AV.;;RINCON;BELGRANO AV. y RINCON;3.0;-58.39613805;-34.61413568;PEATON;AUTO
538;2020-0018;1.0;2020.0;3.0;9.0;14.0;UDAONDO, GUILLERMO AV.;901.0;SD;UDAONDO, GUILLERMO AV. 901;13.0;-58.44903073;-34.54200276;MOTO;OBJETO FIJO
539;2020-0019;1.0;2020.0;3.0;10.0;21.0;CONSTITUCION;;CASTRO;CONSTITUCION y CASTRO;5.0;-58.41972364;-34.6284667;PEATON;AUTO
540;2020-0020;1.0;2020.0;3.0;13.0;17.0;PUEYRREDON AV.;;GOMEZ, VALENTIN;PUEYRREDON AV. y GOMEZ, VALENTIN;3.0;-58.40571596;-34.60557123;PEATON;MOTO
541;2020-0021;1.0;2020.0;3.0;14.0;16.0;BRAVO, MARIO;1279.0;SD;BRAVO, MARIO 1279;2.0;-58.4145159;-34.59488319;PEATON;AUTO
542;2020-0022;1.0;2020.0;4.0;7.0;6.0;AUTOPISTA DELLEPIANE LUIS TTE. GRAL.;;ESCALADA AV.;AUTOPISTA DELLEPIANE LUIS TTE. GRAL. y ESCALADA AV.;9.0;-58.47297505;-34.66245085;AUTO;CARGAS
543;2020-0023;1.0;2020.0;4.0;9.0;18.0;ARAOZ DE LAMADRID, GREGORIO, GRAL.;;BROWN, ALTE. AV.;ARAOZ DE LAMADRID, GREGORIO, GRAL. y BROWN, ALTE. AV.;4.0;-58.35791192;-34.63695178;AUTO;CARGAS
544;2020-0024;1.0;2020.0;4.0;24.0;7.0;MURGUIONDO;1339.0;SD;MURGUIONDO 1339;9.0;-58.50801713;-34.65177305;AUTO;AUTO
545;2020-0025;1.0;2020.0;5.0;12.0;5.0;RIVADAVIA AV.;2551.0;SD;RIVADAVIA AV. 2551;3.0;-58.40258477;-34.60975108;PEATON;AUTO
547;2020-0027;1.0;2020.0;5.0;18.0;8.0;DELLEPIANE, LUIS, TTE. GRAL.;;MONTIEL;DELLEPIANE, LUIS, TTE. GRAL. y MONTIEL;8.0;-58.48267426;-34.68454456;PEATON;CARGAS
548;2020-0028;1.0;2020.0;5.0;19.0;10.0;SCALABRINI ORTIZ, RAUL AV.;;WARNES AV.;SCALABRINI ORTIZ, RAUL AV. y WARNES AV.;15.0;-58.44248936;-34.60221948;PEATON;PASAJEROS
549;2020-0029;1.0;2020.0;6.0;10.0;14.0;PAZ, GRAL. AV.;;ROFFO, ANGEL H., DR.;PAZ, GRAL. AV. y ROFFO, ANGEL H., DR.;9.0;-58.52909134;-34.63886726;PEATON;PASAJEROS
550;2020-0030;1.0;2020.0;6.0;16.0;15.0;SAN MARTIN AV.;1550.0;SD;SAN MARTIN AV. 1550;6.0;-58.45158942;-34.6064658;MOTO;MULTIPLE
551;2020-0031;1.0;2020.0;6.0;30.0;8.0;GARZON, EUGENIO, GRAL. AV.;;LARRAYA;GARZON, EUGENIO, GRAL. AV. y LARRAYA;9.0;-58.49344309;-34.65788529;MOTO;CARGAS
552;2020-0032;1.0;2020.0;7.0;10.0;23.0;CORRIENTES AV.;;SERRANO;CORRIENTES AV. y SERRANO;15.0;-58.44259166;-34.59635137;MOTO;AUTO
553;2020-0033;1.0;2020.0;7.0;19.0;6.0;PAZ, GRAL. AV.;;DEL LIBERTADOR AV.;PAZ, GRAL. AV. y DEL LIBERTADOR AV.;13.0;-58.46743471;-34.53476874;AUTO;OBJETO FIJO
554;2020-0034;1.0;2020.0;8.0;2.0;3.0;MITRE, BARTOLOME;;ANCHORENA, TOMAS MANUEL DE, DR.;MITRE, BARTOLOME y ANCHORENA, TOMAS MANUEL DE, DR.;3.0;-58.41178158;-34.60922259;PEATON;AUTO
555;2020-0035;1.0;2020.0;8.0;4.0;5.0;AUTOPISTA 25 DE MAYO;;SD;AUTOPISTA 25 DE MAYO y PUMACAHUA;7.0;-58.45068621;-34.63638927;MOTO;PASAJEROS
556;2020-0036;1.0;2020.0;8.0;7.0;18.0;SCALABRINI ORTIZ, RAUL AV.;;PARAGUAY;SCALABRINI ORTIZ, RAUL AV. y PARAGUAY;14.0;-58.42016954;-34.5877879;PEATON;MOTO
557;2020-0037;1.0;2020.0;8.0;29.0;4.0;FERNANDEZ DE LA CRUZ, F., GRAL. AV.;;VARELA AV.;FERNANDEZ DE LA CRUZ, F., GRAL. AV. y VARELA AV.;8.0;-58.43850413;-34.65554754;PEATON;AUTO
558;2020-0038;2.0;2020.0;8.0;30.0;4.0;LAS HERAS GENERAL AV.;;DIAZ, CNEL. AV.;LAS HERAS GENERAL AV. y DIAZ, CNEL. AV.;14.0;-58.40617526;-34.58345898;AUTO;AUTO
560;2020-0040;1.0;2020.0;9.0;12.0;3.0;CASTILLO, RAMON S., PRES. AV.;;CALLE 12 (NO OFICIAL);CASTILLO, RAMON S., PRES. AV. y CALLE 12 (NO OFICIAL);2.0;-58.38526125;-34.5780581;AUTO;OBJETO FIJO
561;2020-0041;1.0;2020.0;9.0;28.0;1.0;CURAPALIGUE;;PERON, EVA AV.;CURAPALIGUE y PERON, EVA AV.;7.0;-58.4475047;-34.63491705;MOTO;PASAJEROS
562;2020-0042;1.0;2020.0;9.0;29.0;17.0;DIAZ, ANA;;SOLDADO DE LA FRONTERA AV.;DIAZ, ANA y SOLDADO DE LA FRONTERA AV.;8.0;-58.46745752;-34.68192648;PEATON;PASAJEROS
563;2020-0043;1.0;2020.0;9.0;30.0;17.0;ALEM, LEANDRO N. AV.;;PARAGUAY;ALEM, LEANDRO N. AV. y PARAGUAY;1.0;-58.37202621;-34.59717942;PEATON;PASAJEROS
564;2020-0044;1.0;2020.0;10.0;5.0;0.0;LA PLATA AV.;;INDEPENDENCIA AV.;LA PLATA AV. e INDEPENDENCIA AV.;6.0;-58.42779702;-34.62207347;AUTO;AUTO
565;2020-0045;1.0;2020.0;10.0;19.0;3.0;PAZ, GRAL. AV.;;27 DE FEBRERO AV.;PAZ, GRAL. AV. y 27 DE FEBRERO AV.;8.0;-58.46244952;-34.70524971;AUTO;CARGAS
566;2020-0046;1.0;2020.0;10.0;27.0;21.0;NAZCA AV.;;CARRANZA, ADOLFO P.;NAZCA AV. y CARRANZA, ADOLFO P.;11.0;-58.4844016;-34.60776782;MOTO;MOTO
567;2020-0047;1.0;2020.0;10.0;27.0;14.0;AUTOPISTA PRESIDENTE HECTOR J. CAMPORA;;LACARRA AV.;AUTOPISTA PRESIDENTE HÃ‰CTOR J. CÃMPORA y LACARRA AV.;9.0;-58.46668375;-34.65174801;PEATON;CARGAS
568;2020-0048;1.0;2020.0;10.0;29.0;20.0;DORREGO AV.;614.0;SD;DORREGO AV. 614;15.0;-58.4495878;-34.59322448;MOTO;OBJETO FIJO
569;2020-0049;1.0;2020.0;10.0;30.0;20.0;DEL LIBERTADOR AV.;;RAMOS MEJIA, JOSE MARIA, DR. AV.;DEL LIBERTADOR AV. y RAMOS MEJIA, JOSE MARIA, DR. AV.;1.0;-58.37533517;-34.59276462;PEATON;AUTO
570;2020-0050;1.0;2020.0;11.0;1.0;22.0;SANTA FE AV.;;GODOY CRUZ;SANTA FE AV. y GODOY CRUZ;14.0;-58.42525456;-34.57866344;PEATON;MOTO
571;2020-0051;1.0;2020.0;11.0;5.0;0.0;AVELLANEDA AV.;;MERCEDES;AVELLANEDA AV. y MERCEDES;10.0;-58.48493828;-34.62981124;MOTO;AUTO
572;2020-0052;1.0;2020.0;11.0;7.0;6.0;TUCUMAN;;PUEYRREDON AV.;TUCUMAN y PUEYRREDON AV.;3.0;-58.40480504;-34.60183884;BICICLETA;CARGAS
573;2020-0053;1.0;2020.0;11.0;9.0;3.0;ALCORTA, AMANCIO AV.;;EINSTEIN, ALBERTO;ALCORTA, AMANCIO AV. y EINSTEIN, ALBERTO;4.0;-58.41125934;-34.6541774;AUTO;AUTO
574;2020-0054;1.0;2020.0;11.0;19.0;9.0;INCLAN;;ALBERTI;INCLAN y ALBERTI;4.0;-58.39956546;-34.6297708;BICICLETA;AUTO
575;2020-0055;1.0;2020.0;11.0;19.0;12.0;OLAZABAL AV.;5437.0;SD;OLAZABAL AV. 5437;12.0;-58.49005682;-34.5786897;PEATON;CARGAS
576;2020-0056;1.0;2020.0;11.0;21.0;13.0;PAZ, GRAL. AV.;;ROCA, CNEL. AV.;PAZ, GRAL. AV. y ROCA, CNEL. AV.;8.0;-58.47064556;-34.69843756;MOTO;CARGAS
577;2020-0057;1.0;2020.0;11.0;23.0;7.0;NAZCA AV.;;VIALE, LUIS;NAZCA AV. y VIALE, LUIS;11.0;-58.4750156;-34.61945902;PEATON;AUTO
578;2020-0058;1.0;2020.0;11.0;24.0;16.0;OLIVERA AV.;;FALCON, RAMON L.,CNEL.;OLIVERA AV. y FALCON, RAMON L.,CNEL.;10.0;-58.48727942;-34.63652467;PEATON;AUTO
579;2020-0059;1.0;2020.0;12.0;1.0;6.0;BRASIL;1100.0;SD;BRASIL 1100;1.0;-58.3795169;-34.62794241;PEATON;PASAJEROS
580;2020-0060;1.0;2020.0;12.0;3.0;20.0;HOMERO;;PERON, EVA AV.;HOMERO y PERON, EVA AV.;9.0;-58.47750832;-34.65672199;PEATON;MOTO
581;2020-0061;1.0;2020.0;12.0;3.0;14.0;CANTILO, INT.;;UDAONDO, GUILLERMO AV.;CANTILO, INT. y UDAONDO, GUILLERMO AV.;13.0;-58.44927253;-34.54048625;MOTO;CARGAS
582;2020-0062;1.0;2020.0;12.0;4.0;17.0;MORENO;1845.0;SD;MORENO 1845;3.0;-58.39246272;-34.61253541;BICICLETA;PASAJEROS
583;2020-0063;2.0;2020.0;12.0;5.0;7.0;NUEVA YORK;;ALTA GRACIA;NUEVA YORK y ALTA GRACIA;11.0;-58.52783814;-34.61047001;PEATON_MOTO;MOTO
584;2020-0065;1.0;2020.0;12.0;5.0;16.0;PAZ, GRAL. AV.;;GOYENECHE, ROBERTO PARQUE AV.;PAZ, GRAL. AV. y GOYENECHE, ROBERTO PARQUE AV.;12.0;-58.49332664;-34.54836855;MOTO;AUTO
585;2020-0066;1.0;2020.0;12.0;7.0;4.0;AUTOPISTA PERITO MORENO;;SD;AUTOPISTA PERITO MORENO (ALTURA ESTACION DE TREN VILLA LURO);10.0;-58.50178784;-34.63593897;MOTO;OBJETO FIJO
586;2020-0067;1.0;2020.0;12.0;11.0;22.0;SAENZ AV.;;BEAZLEY;SAENZ AV. y BEAZLEY;4.0;-58.41657793;-34.65476216;PEATON;PASAJEROS
587;2020-0068;1.0;2020.0;12.0;12.0;20.0;DEL LIBERTADOR AV.;;AUSTRIA;DEL LIBERTADOR AV. y AUSTRIA;2.0;-58.39731474;-34.58307887;MOTO;AUTO
588;2020-0069;1.0;2020.0;12.0;15.0;5.0;INDEPENDENCIA AV.;;SAENZ PE?A, LUIS, PRES.;INDEPENDENCIA AV. y SAENZ PEÃ‘A, LUIS, PRES.;1.0;-58.38746381;-34.61790839;MOTO;PASAJEROS
589;2020-0070;1.0;2020.0;12.0;17.0;15.0;CALLAO AV.;;LAS HERAS, GENERAL;CALLAO AV. y LAS HERAS, GENERAL;2.0;-58.39189441;-34.59176378;PEATON;PASAJEROS
590;2020-0071;1.0;2020.0;12.0;17.0;23.0;SAN PEDRITO AV.;;DIRECTORIO AV.;SAN PEDRITO AV. y DIRECTORIO AV.;7.0;-58.46749188;-34.63551751;PEATON;AUTO
591;2020-0072;1.0;2020.0;12.0;19.0;3.0;JUJUY AV.;;CALVO, CARLOS;JUJUY AV. y CALVO, CARLOS;3.0;-58.40280471;-34.62113271;BICICLETA;AUTO
592;2020-0073;1.0;2020.0;12.0;20.0;7.0;27 DE FEBRERO AV.;;ESCALADA AV.;27 DE FEBRERO AV. y ESCALADA AV.;8.0;-58.44451316;-34.68475866;MOTO;OBJETO FIJO
593;2020-0074;1.0;2020.0;12.0;20.0;21.0;BOGOTA;;NAZCA AV.;BOGOTA y NAZCA AV.;7.0;-58.47110424;-34.62742408;AUTO;AUTO
594;2020-0075;1.0;2020.0;12.0;23.0;14.0;CORRIENTES AV.;;9 DE JULIO AV.;CORRIENTES AV. y 9 DE JULIO AV.;1.0;-58.38220928;-34.60373898;PEATON;PASAJEROS
595;2020-0076;1.0;2020.0;12.0;24.0;12.0;ALVAREZ JONTE AV.;;CHIVILCOY;ALVAREZ JONTE AV. y CHIVILCOY;10.0;-58.49794468;-34.61565025;AUTO;PASAJEROS
596;2020-0077;2.0;2020.0;12.0;25.0;6.0;SAN MARTIN AV.;;PUNTA ARENAS;SAN MARTIN AV. y PUNTA ARENAS;15.0;-58.47220945;-34.60111373;MOTO;AUTO
597;2020-0078;1.0;2020.0;12.0;25.0;5.0;BARCO CENTENERA DEL;1118.0;SD;BARCO CENTENERA DEL 1118;7.0;-58.43706741;-34.63217813;BICICLETA;PASAJEROS
598;2020-0079;1.0;2020.0;12.0;27.0;4.0;PAZ, GRAL. AV.;;GOYENECHE, ROBERTO PARQUE AV.;PAZ, GRAL. AV. y GOYENECHE, ROBERTO PARQUE AV.;12.0;-58.49332664;-34.54836855;MOTO;OBJETO FIJO
599;2021-0001;1.0;2021.0;1.0;6.0;18.0;AUTOPISTA 1 SUR PRESIDENTE ARTURO FRONDIZI;;SD;AU FRONDIZI KM. 3;1.0;-58.37960727;-34.62622851;MOTO;AUTO
600;2021-0002;1.0;2021.0;1.0;7.0;10.0;CASTRO, EMILIO AV.;;MURGUIONDO;CASTRO, EMILIO AV. y MURGUIONDO;9.0;-58.51061062;-34.64972472;MOTO;CARGAS
601;2021-0003;1.0;2021.0;1.0;10.0;7.0;AUTOPISTA 25 DE MAYO;;SD;AUTOPISTA 25 DE MAYO KM. 3.7;7.0;-58.43052224;-34.62941648;MOTO;OBJETO FIJO
602;2021-0004;1.0;2021.0;1.0;11.0;9.0;CASEROS AV.;;GUARANI;CASEROS AV. y GUARANI;5.0;-58.41455544;-34.63866836;PEATON;CARGAS
603;2021-0005;1.0;2021.0;1.0;11.0;21.0;PERON, EVA AV.;3800.0;SD;PERON, EVA AV. 3800;9.0;-58.46774439;-34.64730145;PEATON;AUTO
604;2021-0006;1.0;2021.0;1.0;12.0;21.0;AUTOPISTA ARTURO ILLIA;;SARMIENTO AV.;AUTOPISTA ARTURO ILLIA y SARMIENTO AV.;14.0;-58.40786274;-34.56726817;MOTO;CARGAS
605;2021-0007;1.0;2021.0;1.0;18.0;10.0;DE LOS CONSTITUYENTES AV.;;GIRIBONE;DE LOS CONSTITUYENTES AV. y GIRIBONE;15.0;-58.48744301;-34.58622275;MOTO;MOTO
606;2021-0008;1.0;2021.0;1.0;22.0;23.0;SAENZ AV.;;RABANAL, FRANCISCO, INTENDENTE AV.;SAENZ AV. y RABANAL, FRANCISCO, INTENDENTE AV.;4.0;-58.41657793;-34.65476216;PEATON;PASAJEROS
607;2021-0009;1.0;2021.0;1.0;23.0;5.0;PAYSANDU;;GAONA AV.;PAYSANDU y GAONA AV.;6.0;-58.45351111;-34.61134937;MOTO;OBJETO FIJO
608;2021-0010;1.0;2021.0;1.0;23.0;8.0;PAZ, GRAL. AV.;;BALBIN, RICARDO, DR. AV.;PAZ, GRAL. AV. y BALBIN, RICARDO, DR. AV.;12.0;-58.5007381;-34.5497951;MOTO;AUTO
609;2021-0011;1.0;2021.0;1.0;27.0;1.0;SANTA FE AV.;1675.0;SD;SANTA FE AV. 1675;2.0;-58.39144148;-34.59564871;PEATON;AUTO
610;2021-0012;1.0;2021.0;1.0;29.0;20.0;DELLEPIANE, LUIS, TTE. GRAL.;;GUAMINI;DELLEPIANE, LUIS, TTE. GRAL. y GUAMINI;8.0;-58.48191128;-34.68385968;PEATON;AUTO
611;2021-0013;1.0;2021.0;1.0;31.0;6.0;FALCON, RAMON L.,CNEL.;;OLIVERA AV.;FALCON, RAMON L.,CNEL. y OLIVERA AV.;10.0;-58.48727942;-34.63652467;MOTO;OBJETO FIJO
612;2021-0014;1.0;2021.0;2.0;2.0;0.0;SAN MARTIN AV.;;NOGOYA;SAN MARTIN AV. y NOGOYA;15.0;-58.48328708;-34.59779521;PEATON;AUTO
613;2021-0015;1.0;2021.0;2.0;6.0;3.0;SAN MARTIN AV.;;TINOGASTA;SAN MARTIN AV. y TINOGASTA;15.0;-58.49018543;-34.5972499;MOTO;OBJETO FIJO
614;2021-0016;1.0;2021.0;2.0;14.0;5.0;FERNANDEZ DE LA CRUZ, F., GRAL. AV.;;DE LA TORRE, LISANDRO;FERNANDEZ DE LA CRUZ, F., GRAL. AV. y DE LA TORRE, LISANDRO;8.0;-58.47230127;-34.68482689;AUTO;OBJETO FIJO
615;2021-0017;1.0;2021.0;2.0;17.0;4.0;SALTA;;CASEROS AV.;SALTA y CASEROS AV.;1.0;-58.38262614;-34.63168269;MOTO;PASAJEROS
616;2021-0018;1.0;2021.0;2.0;20.0;19.0;JAURES, JEAN;;PERON, JUAN DOMINGO, TTE. GENERAL;JAURES, JEAN y PERON, JUAN DOMINGO, TTE. GENERAL;3.0;-58.41047268;-34.60793518;PEATON;AUTO
617;2021-0019;1.0;2021.0;2.0;21.0;1.0;TRIUNVIRATO AV.;;LARRALDE, CRISOLOGO AV.;TRIUNVIRATO AV. y LARRALDE, CRISOLOGO AV.;12.0;-58.49659234;-34.56353635;MOTO;OBJETO FIJO
618;2021-0020;1.0;2021.0;2.0;21.0;15.0;POTOSI;;GASCON;POTOSI y GASCON;5.0;-58.42462955;-34.60727189;PEATON;CARGAS
619;2021-0021;1.0;2021.0;2.0;26.0;5.0;YRIGOYEN, HIPOLITO;;24 DE NOVIEMBRE;YRIGOYEN, HIPOLITO y 24 DE NOVIEMBRE;3.0;-58.41168345;-34.61185625;MOTO;OBJETO FIJO
620;2021-0022;1.0;2021.0;2.0;28.0;12.0;DEL LIBERTADOR AV.;;ROOSEVELT FRANKLIN D.;DEL LIBERTADOR AV. y ROOSEVELT FRANKLIN D.;13.0;-58.45157681;-34.55217303;PASAJEROS;SD
622;2021-0024;1.0;2021.0;3.0;3.0;16.0;PERON, EVA AV.;;PIEDRA BUENA AV.;PERON, EVA AV. y PIEDRA BUENA AV.;9.0;-58.49573651;-34.67006054;BICICLETA;CARGAS
623;2021-0025;1.0;2021.0;3.0;11.0;3.0;PAZ, GRAL. AV.;;AUTOPISTA DELLEPIANE LUIS TTE. GRAL.;PAZ, GRAL. AV. y AUTOPISTA DELLEPIANE LUIS TTE. GRAL.;8.0;-58.48695354;-34.68795245;MOTO;OTRO
624;2021-0026;1.0;2021.0;3.0;15.0;2.0;AUTOPISTA 1 SUR PRESIDENTE ARTURO FRONDIZI;;SD;AUTOPISTA 1 SUR PRESIDENTE ARTURO FRONDIZI y QUINQUELA MARTIN, BENITO;4.0;-58.37562539;-34.64449357;MOTO;OBJETO FIJO
625;2021-0027;1.0;2021.0;3.0;16.0;15.0;PAZ, GRAL. AV.;;DONADO;PAZ, GRAL. AV. y DONADO;12.0;-58.49491054;-34.54795581;MOTO;CARGAS
626;2021-0028;1.0;2021.0;3.0;29.0;17.0;COREA AV.;;TORRES Y TENORIO, PRES.;COREA AV. y TORRES Y TENORIO, PRES.;7.0;-58.44147621;-34.64357704;PEATON;PASAJEROS
627;2021-0029;1.0;2021.0;3.0;31.0;18.0;FALCON, RAMON L.,CNEL.;;SAN PEDRITO AV.;FALCON, RAMON L.,CNEL. y SAN PEDRITO AV.;7.0;-58.46899119;-34.63215432;AUTO;AUTO
628;2021-0030;1.0;2021.0;4.0;3.0;18.0;FINOCHIETTO ENRIQUE DR.;1623.0;SD;FINOCHIETTO ENRIQUE DR. 1623;4.0;-58.38685612;-34.63455776;PEATON;PASAJEROS
629;2021-0031;1.0;2021.0;4.0;7.0;10.0;9 DE JULIO AV.;;INDEPENDENCIA AV.;9 DE JULIO AV. e INDEPENDENCIA AV.;1.0;-58.38113667;-34.61765323;PEATON;CARGAS
630;2021-0032;1.0;2021.0;4.0;10.0;19.0;CANTILO, INT.;;GUIRALDES, INT.;CANTILO, INT. y GUIRALDES, INT.;13.0;-58.44112678;-34.54538956;PEATON;MOTO
631;2021-0033;1.0;2021.0;4.0;14.0;17.0;AUTOPISTA 25 DE MAYO;;SD;AUTOPISTA 25 DE MAYO y BOEDO AV.;5.0;-58.41595919;-34.62743346;AUTO;OBJETO FIJO
632;2021-0034;1.0;2021.0;4.0;19.0;14.0;ALCORTA, AMANCIO AV.;;ZAVALETA;ALCORTA, AMANCIO AV. y ZAVALETA;4.0;-58.40184094;-34.64546845;MOTO;CARGAS
633;2021-0035;1.0;2021.0;5.0;3.0;9.0;JANER, ANA MARIA;;LAFUENTE AV.;JANER, ANA MARIA y LAFUENTE AV.;8.0;-58.44642231;-34.65679806;MOTO;CARGAS
634;2021-0036;1.0;2021.0;5.0;9.0;6.0;PAZ, GRAL. AV.;;MOSCONI GENERAL AV.;PAZ, GRAL. AV. y MOSCONI GENERAL AV.;11.0;-58.52340614;-34.59798754;MOTO;OBJETO FIJO
635;2021-0037;1.0;2021.0;5.0;11.0;7.0;MONROE;;BALBIN, RICARDO, DR. AV.;MONROE y BALBIN, RICARDO, DR. AV.;13.0;-58.46649069;-34.56219075;PEATON;PASAJEROS
636;2021-0038;1.0;2021.0;5.0;14.0;11.0;JUSTO, JUAN B. AV.;;SANTA FE AV.;JUSTO, JUAN B. AV. y SANTA FE AV.;14.0;-58.42653328;-34.57816791;MOTO;CARGAS
637;2021-0039;1.0;2021.0;5.0;15.0;12.0;OLIDEN;;ALBERDI, JUAN BAUTISTA AV.;OLIDEN y ALBERDI, JUAN BAUTISTA AV.;9.0;-58.50407099;-34.65303372;BICICLETA;AUTO
638;2021-0040;1.0;2021.0;5.0;20.0;5.0;PAZ, GRAL. AV.;;DEL LIBERTADOR AV.;PAZ, GRAL. AV. y DEL LIBERTADOR AV.;13.0;-58.46743471;-34.53476874;MOTO;AUTO
639;2021-0041;1.0;2021.0;5.0;20.0;8.0;DEL LIBERTADOR AV.;;CASARES AV.;DEL LIBERTADOR AV. y CASARES AV.;14.0;-58.40986646;-34.5772806;PEATON;PASAJEROS
640;2021-0042;1.0;2021.0;5.0;21.0;5.0;RIVADAVIA AV.;10900.0;SD;RIVADAVIA AV. 10900;9.0;-58.51739138;-34.63931792;PEATON;PASAJEROS
641;2021-0043;1.0;2021.0;5.0;22.0;18.0;ALBERDI, JUAN BAUTISTA AV.;;PILAR;ALBERDI, JUAN BAUTISTA AV. y PILAR;9.0;-58.50719962;-34.65556223;PEATON;AUTO
642;2021-0044;1.0;2021.0;5.0;25.0;2.0;PERON, EVA AV.;;ACOSTA, MARIANO;PERON, EVA AV. y ACOSTA, MARIANO;9.0;-58.46712311;-34.64600222;MOTO;OBJETO FIJO
643;2021-0045;1.0;2021.0;5.0;26.0;17.0;AUTOPISTA 1 SUR PRESIDENTE ARTURO FRONDIZI;;SD;AUTOPISTA 1 SUR PRESIDENTE ARTURO FRONDIZI y SUAREZ AV.;4.0;-58.37709334;-34.64035082;MOTO;MULTIPLE
644;2021-0046;1.0;2021.0;5.0;31.0;2.0;ELCANO AV.;;GUZMAN AV.;ELCANO AV. y GUZMAN AV.;15.0;-58.46033141;-34.58569883;AUTO;OBJETO FIJO
645;2021-0047;1.0;2021.0;6.0;2.0;16.0;VEDIA, AGUSTIN DE;;RABANAL, FRANCISCO, INTENDENTE AV.;VEDIA, AGUSTIN DE y RABANAL, FRANCISCO, INTENDENTE AV.;4.0;-58.42190745;-34.65633192;MOTO;AUTO
646;2021-0048;1.0;2021.0;6.0;3.0;9.0;CAPDEVILA;;CONGRESO AV.;CAPDEVILA y CONGRESO AV.;12.0;-58.49026573;-34.5698141;BICICLETA;AUTO
647;2021-0049;1.0;2021.0;6.0;3.0;20.0;FERNANDEZ DE LA CRUZ, F., GRAL. AV.;4000.0;SD;FERNANDEZ DE LA CRUZ, F., GRAL. AV. 4000;8.0;-58.45410344;-34.66902702;AUTO;AUTO
648;2021-0050;1.0;2021.0;6.0;10.0;13.0;DEL LIBERTADOR AV.;5958.0;SD;DEL LIBERTADOR AV. 5958;13.0;-58.44751621;-34.55719892;MOTO;PASAJEROS
649;2021-0051;1.0;2021.0;6.0;15.0;19.0;27 DE FEBRERO AV.;;EREZCANO AV.;27 DE FEBRERO AV. y EREZCANO AV.;4.0;-58.42040352;-34.66005171;PEATON;CARGAS
650;2021-0052;1.0;2021.0;6.0;20.0;5.0;PAZ, GRAL. AV.;14723.0;SD;PAZ, GRAL. AV. 14723;8.0;-58.49530249;-34.68010798;MOTO;OBJETO FIJO
651;2021-0053;1.0;2021.0;6.0;20.0;12.0;CORRIENTES AV.;5783.0;SD;CORRIENTES AV. 5783;15.0;-58.44399875;-34.5947736;PEATON;BICICLETA
652;2021-0054;1.0;2021.0;6.0;22.0;14.0;TABARE;;EREZCANO;TABARE y EREZCANO;4.0;-58.42759813;-34.65463857;MOTO;CARGAS
653;2021-0055;1.0;2021.0;6.0;29.0;12.0;CORRIENTES AV.;;PUEYRREDON AV.;CORRIENTES AV. y PUEYRREDON AV.;3.0;-58.40547222;-34.60456293;MOTO;CARGAS
654;2021-0056;1.0;2021.0;7.0;9.0;23.0;CORRALES;;MORENO, PERITO AV.;CORRALES y MORENO, PERITO AV.;4.0;-58.42473018;-34.6500828;BICICLETA;AUTO
655;2021-0057;1.0;2021.0;7.0;10.0;23.0;AUTOPISTA ARTURO ILLIA;;SD;AUTOPISTA  ARTURO ILLIA (CABINA DE PEAJE);2.0;-58.39257023;-34.57563957;AUTO;OBJETO FIJO
656;2021-0058;1.0;2021.0;7.0;21.0;0.0;PAZ, GRAL. AV.;;VEDIA;PAZ, GRAL. AV. y VEDIA;12.0;-58.48941042;-34.54596153;PEATON;AUTO
657;2021-0059;1.0;2021.0;7.0;22.0;1.0;GARAY, JUAN DE AV.;2269.0;SD;GARAY, JUAN DE AV. 2269;3.0;-58.3964074;-34.62783085;AUTO;OBJETO FIJO
658;2021-0060;1.0;2021.0;7.0;22.0;12.0;SALGUERO, JERONIMO;;RIVADAVIA AV.;SALGUERO, JERONIMO y RIVADAVIA AV.;5.0;-58.41971993;-34.6111224;PEATON;PASAJEROS
659;2021-0061;1.0;2021.0;7.0;24.0;9.0;MORENO, PERITO AV.;;ALCORTA, AMANCIO AV.;MORENO, PERITO AV. y ALCORTA, AMANCIO AV.;4.0;-58.40544588;-34.65012801;PEATON;CARGAS
660;2021-0062;1.0;2021.0;7.0;27.0;7.0;LA PLATA AV.;2723.0;SD;LA PLATA AV. 2723;4.0;-58.42003882;-34.64645957;AUTO;CARGAS
661;2021-0063;1.0;2021.0;8.0;2.0;4.0;ALBERDI, JUAN BAUTISTA AV.;2906.0;SD;ALBERDI, JUAN BAUTISTA AV. 2906;7.0;-58.46851293;-34.63348678;AUTO;AUTO
662;2021-0064;1.0;2021.0;8.0;2.0;20.0;PAZ, GRAL. AV.;;TONELERO;PAZ, GRAL. AV. y TONELERO;9.0;-58.52931141;-34.65422917;PEATON;CARGAS
663;2021-0065;1.0;2021.0;8.0;6.0;8.0;SAN JUAN AV.;;LA PLATA AV.;SAN JUAN AV. y LA PLATA AV.;6.0;-58.42675754;-34.6269973;PEATON;PASAJEROS
664;2021-0066;1.0;2021.0;8.0;6.0;20.0;LOPE DE VEGA AV.;;PAZ, GRAL. AV.;LOPE DE VEGA AV. y PAZ, GRAL. AV.;11.0;-58.52933723;-34.61098186;PEATON;PASAJEROS
665;2021-0067;1.0;2021.0;8.0;8.0;9.0;AUTOPISTA 1 SUR PRESIDENTE ARTURO FRONDIZI;;SD;AUTOPISTA 1 SUR PRESIDENTE ARTURO FRONDIZI y BRASIL;1.0;-58.37910943;-34.62764718;MOTO;OBJETO FIJO
666;2021-0068;1.0;2021.0;8.0;15.0;6.0;BEIRO, FRANCISCO AV.;5071.0;SD;BEIRO, FRANCISCO AV. 5071;11.0;-58.52161176;-34.61164474;MOTO;OBJETO FIJO
667;2021-0069;1.0;2021.0;8.0;20.0;17.0;SANTA FE AV.;3428.0;SD;SANTA FE AV. 3428;14.0;-58.41354692;-34.5869768;PEATON;AUTO
668;2021-0070;1.0;2021.0;8.0;28.0;8.0;CHILAVERT, MARTINIANO, CORONEL;;VARELA AV.;CHILAVERT, MARTINIANO, CORONEL y VARELA AV.;8.0;-58.43960781;-34.65470804;MOTO;CARGAS
669;2021-0071;1.0;2021.0;8.0;31.0;16.0;SAN LUIS;2730.0;SD;SAN LUIS 2730;3.0;-58.4045461;-34.60003693;PEATON;MOTO
670;2021-0072;1.0;2021.0;9.0;1.0;19.0;CALLAO AV.;;PARAGUAY;CALLAO AV. y PARAGUAY;2.0;-58.39303911;-34.59871111;PEATON;AUTO
671;2021-0073;1.0;2021.0;9.0;18.0;12.0;DEL LIBERTADOR AV.;;AGOTE, LUIS DR.;DEL LIBERTADOR AV. y AGOTE, LUIS DR.;2.0;-58.39391034;-34.58405348;BICICLETA;AUTO
672;2021-0074;1.0;2021.0;9.0;20.0;15.0;PAZ, GRAL. AV.;;BALBIN, RICARDO, DR. AV.;PAZ, GRAL. AV. y BALBIN, RICARDO, DR. AV.;12.0;-58.5007381;-34.5497951;MOTO;MULTIPLE
673;2021-0075;1.0;2021.0;9.0;21.0;14.0;SALTA;;BRASIL;SALTA y BRASIL;1.0;-58.38281301;-34.62786038;PEATON;CARGAS
674;2021-0076;1.0;2021.0;10.0;16.0;6.0;MORENO, PERITO AV.;2152.0;SD;MORENO, PERITO AV. 2152;7.0;-58.43980799;-34.65094083;MOTO;OBJETO FIJO
675;2021-0077;1.0;2021.0;10.0;18.0;7.0;DIRECTORIO AV.;1169.0;SD;DIRECTORIO AV. 1169;6.0;-58.44402387;-34.62933109;MOTO;CARGAS
676;2021-0078;1.0;2021.0;10.0;23.0;6.0;INDEPENDENCIA AV.;;LA PLATA AV.;INDEPENDENCIA AV. y LA PLATA AV.;6.0;-58.42779702;-34.62207347;MOTO;PASAJEROS
677;2021-0079;1.0;2021.0;10.0;25.0;3.0;TUCUMAN;3112.0;SD;TUCUMAN 3112;3.0;-58.40944147;-34.60097942;PEATON;AUTO
678;2021-0080;1.0;2021.0;10.0;28.0;16.0;ARENALES;;9 DE JULIO AV.;ARENALES y 9 DE JULIO AV.;1.0;-58.38277479;-34.5943016;MOTO;AUTO
679;2021-0081;1.0;2021.0;11.0;2.0;13.0;AUTOPISTA 1 SUR PRESIDENTE ARTURO FRONDIZI;;SD;AUTOPISTA 1 SUR PRESIDENTE ARTURO FRONDIZI y BRANDSEN;4.0;-58.37627355;-34.63800916;MOTO;CARGAS
680;2021-0082;1.0;2021.0;11.0;6.0;4.0;AUTOPISTA 25 DE MAYO;;SD;AUTOPISTA 25 DE MAYO y PASCO;3.0;-58.39591856;-34.62453459;MOTO;AUTO
681;2021-0083;1.0;2021.0;11.0;9.0;0.0;CABILDO AV.;;OLAZABAL;CABILDO AV. y OLAZABAL;13.0;-58.45829717;-34.56015762;MOTO;AUTO
682;2021-0084;1.0;2021.0;11.0;11.0;3.0;TAPALQUE;;BRUIX AV.;TAPALQUE y BRUIX AV.;9.0;-58.49142611;-34.64584795;AUTO;OBJETO FIJO
683;2021-0085;1.0;2021.0;11.0;20.0;18.0;PAZ, GRAL. AV.;;EZEIZA;PAZ, GRAL. AV. y EZEIZA;12.0;-58.51271409;-34.57786555;MOTO;OBJETO FIJO
684;2021-0086;1.0;2021.0;11.0;25.0;10.0;RIVADAVIA AV.;;PUAN;RIVADAVIA AV. y PUAN;6.0;-58.44864864;-34.62352826;PEATON;PASAJEROS
685;2021-0087;1.0;2021.0;11.0;27.0;11.0;ESMERALDA;1359.0;SD;ESMERALDA 1359;1.0;-58.37795815;-34.59167894;PEATON;BICICLETA
686;2021-0088;1.0;2021.0;12.0;1.0;15.0;MONROE;;3 DE FEBRERO;MONROE y 3 DE FEBRERO;13.0;-58.45531707;-34.55555257;MOTO;AUTO
687;2021-0089;1.0;2021.0;12.0;2.0;1.0;GAONA AV.;3655.0;SD;GAONA AV. 3655;11.0;-58.47633683;-34.62140594;MOTO;AUTO
688;2021-0090;1.0;2021.0;12.0;10.0;11.0;9 DE JULIO AV.;;LAVALLE;9 DE JULIO AV. y LAVALLE;1.0;-58.38188582;-34.60256036;PEATON;PASAJEROS
689;2021-0091;1.0;2021.0;12.0;11.0;23.0;BAIGORRIA;;HUGO, VICTOR;BAIGORRIA y HUGO, VICTOR;10.0;-58.51989389;-34.62284918;MOTO;AUTO
690;2021-0092;1.0;2021.0;12.0;12.0;6.0;RIVADAVIA AV.;;PUEYRREDON AV.;RIVADAVIA AV. y PUEYRREDON AV.;3.0;-58.4059686;-34.61011987;PEATON;AUTO
691;2021-0093;1.0;2021.0;12.0;13.0;17.0;RIESTRA AV.;;MOM;RIESTRA AV. y MOM;7.0;-58.43353773;-34.64561636;MOTO;AUTO
692;2021-0094;1.0;2021.0;12.0;20.0;1.0;DELLEPIANE, LUIS, TTE. GRAL.;;LACARRA AV.;DELLEPIANE, LUIS, TTE. GRAL. y LACARRA AV.;9.0;-58.46739825;-34.65117757;MOTO;AUTO
693;2021-0095;1.0;2021.0;12.0;30.0;0.0;GAONA AV.;;TERRADA;GAONA AV. y TERRADA;11.0;-58.47293407;-34.61984745;MOTO;CARGAS
694;2021-0096;1.0;2021.0;12.0;15.0;10.0;PERON, EVA AV.;4071.0;SD;PERON, EVA AV. 4071;9.0;-58.47066794;-34.65021673;AUTO;CARGAS
695;2021-0097;1.0;2021.0;11.0;18.0;6.0;PADRE CARLOS MUJICA;709.0;SD;PADRE CARLOS MUGICA 709;1.0;-58.37976155;-34.58679619;BICICLETA;AUTO
